	ESR1	PGR	ERBB2	MKI67
TCGA-3C-AAAU-01A	3.69107524851134	2.9753386277002996	5.043666224759269	3.31438336546314
TCGA-3C-AALI-01A	0.33639968963877803	0.11091980691022901	9.71766457458889	3.1070307295995803
TCGA-3C-AALJ-01A	4.68875186481245	1.29190371208252	5.63072781353187	2.08518252789739
TCGA-3C-AALK-01A	3.2214222696452404	2.93003820771989	7.31154465084746	2.29866523742352
TCGA-4H-AAAK-01A	4.3550864375412	3.8676276282521003	5.84428327225554	2.41641797602695
TCGA-5L-AAT0-01A	4.4968920580821194	1.65184378331202	5.38211306343382	1.43768855147115
TCGA-5L-AAT1-01A	3.9441212363540297	0.154772122378291	5.88017625266358	0.743259558501595
TCGA-5T-A9QA-01A	3.9978519607684904	0.49682886607751003	6.05183025395916	2.34351659120881
TCGA-A1-A0SB-01A	2.0360953896817904	0.0420606396156852	5.03316972441913	2.72650691067017
TCGA-A1-A0SD-01A	5.1670701458773705	1.6928374447778	5.94264311384203	2.6741077564118503
TCGA-A1-A0SE-01A	4.1085765002311305	4.56343969446344	5.499804660429571	3.0464772261690496
TCGA-A1-A0SF-01A	4.823861039493679	4.45773098387849	5.218204517931509	2.48497289773891
TCGA-A1-A0SG-01A	5.9399688703301	5.60575159558887	5.7083301122859	2.03403945391125
TCGA-A1-A0SH-01A	2.60387642272895	4.04720784378355	6.52587487155187	2.2583955104244597
TCGA-A1-A0SI-01A	3.9882780950528502	1.00225186247799	4.473329504483201	3.74951213410343
TCGA-A1-A0SJ-01A	4.23396245250711	3.75546740015859	5.55860610504359	3.48415202761052
TCGA-A1-A0SK-01A	0.0564636727922906	0.0379519553605385	1.3482628260110199	5.1468455811427
TCGA-A1-A0SM-01A	4.441104783481401	0.36170177016982896	9.81003018804574	2.63476428573951
TCGA-A1-A0SN-01A	5.669637945599871	2.5368949910014904	9.603485438913161	3.7687322882032204
TCGA-A1-A0SO-01A	0.0878227447569721	0.0586150065007275	5.6975212230351	5.65976404335953
TCGA-A1-A0SP-01A	0.593470362346903	0.140269498423781	3.9547310558845497	3.63169552940403
TCGA-A1-A0SQ-01A	5.6891544016985	4.858346806467259	4.939894924993361	2.68661123943016
TCGA-A2-A04N-01A	5.66738860009032	5.6614964048964405	4.842182359602719	1.79910941332612
TCGA-A2-A04P-01A	2.1314351442702497	0.0868572578890695	3.81066237714458	2.6184300577783195
TCGA-A2-A04Q-01A	0.567270631478874	0.47260045892973707	4.05868908024586	3.85606223910821
TCGA-A2-A04R-01A	5.32632464822162	4.12952664675204	5.29294292212102	3.9766824821454705
TCGA-A2-A04T-01A	0.155439249013297	0.0692124928606429	4.621357825912191	4.610000150941611
TCGA-A2-A04U-01A	0.0378872976406843	0.0361675500172371	3.54992224312846	3.7825089174940802
TCGA-A2-A04V-01A	5.60503238833941	0.507133540499523	5.6211886666545	2.76280981124275
TCGA-A2-A04W-01A	0.6662267141300761	0.148819344973528	8.935163816797472	3.0792521468549197
TCGA-A2-A04X-01A	2.45683370601999	2.1815373655018897	8.33462118181332	3.3976528954626204
TCGA-A2-A04Y-01A	4.51915143914021	1.69387889183792	5.1015590526086	3.14087728165702
TCGA-A2-A0CK-01A	3.5882318425438	2.8217432752551503	5.56367126658878	2.24361126191952
TCGA-A2-A0CL-01A	2.18931249597423	0.658572340657869	3.94181394511575	3.7591102750223797
TCGA-A2-A0CM-01A	0.661808875601395	0.0675908718986887	3.6284621766861203	4.51010930167159
TCGA-A2-A0CO-01A	4.453473808902371	1.8508105016165	5.5952404977202495	1.10817798120622
TCGA-A2-A0CP-01A	4.0513296063132	4.87513249308567	4.91844791893429	0.707088507566496
TCGA-A2-A0CQ-01A	5.699299453473429	3.56864369972339	4.98844540469705	2.29726947416198
TCGA-A2-A0CR-01A	3.16162199098141	2.85091761752316	4.44411422317138	1.7963134850948
TCGA-A2-A0CS-01A	6.15891319428136	3.6775061449869706	5.56464277618194	1.84865254134637
TCGA-A2-A0CT-01A	5.84105104628906	0.180869485312272	6.2982186714005195	2.6196460360058196
TCGA-A2-A0CU-01A	6.75539070395979	1.00821996203252	6.00977933427767	2.75360095279254
TCGA-A2-A0CV-01A	5.10134613819164	3.45378319420493	4.68896255782159	0.33934772824505394
TCGA-A2-A0CW-01A	6.21786000360788	3.3605359135294104	5.45813825365507	3.39718638697909
TCGA-A2-A0CX-01A	1.02309422245405	0.235774510931144	9.06453004565854	3.48442607642023
TCGA-A2-A0CY-01A	6.15951686282232	0.5326864291504549	4.5618058171959595	2.99788733723584
TCGA-A2-A0CZ-01A	2.9422053905498498	1.0787477612112	4.958588734807571	1.33084747581353
TCGA-A2-A0D0-01A	0.0969352589371408	0.0161421495855453	3.92024644596898	4.61702728996443
TCGA-A2-A0D1-01A	0.306721776109166	0.0687238201448137	8.728804189690441	3.8957184566144902
TCGA-A2-A0D2-01A	0.291257623803431	0.26901727909674106	4.23384598116895	4.57307231322413
TCGA-A2-A0D3-01A	5.349185645429429	5.2608518841341905	5.71029858725459	0.81956832919264
TCGA-A2-A0D4-01A	5.28386855996923	0.878791380329098	5.763165249781901	3.0935485666098796
TCGA-A2-A0EM-01A	6.01339981614992	6.03054138892279	5.24940306566863	2.06563088831264
TCGA-A2-A0EN-01A	4.8518460169762	0.299503929220389	5.01679443154312	2.0047024063718
TCGA-A2-A0EO-01A	4.80922255644741	5.152484586832831	5.94078954736046	2.09842425641878
TCGA-A2-A0EP-01A	3.2423134185177798	0.24233347044303302	3.5252151157482006	2.22781629452665
TCGA-A2-A0EQ-01A	1.6144380197233898	0.054730623218847	4.915733673875099	4.60252422642266
TCGA-A2-A0ER-01A	6.814507937078901	2.33574044406888	5.2798675267481	3.71702253228075
TCGA-A2-A0ES-01A	4.66820157838453	4.67748999805984	5.2221710255058	1.6215683520008002
TCGA-A2-A0ET-01A	6.25390542935902	3.2031349388488595	5.44152317192014	2.52695225803196
TCGA-A2-A0EU-01A	6.10868679954134	5.60400048669863	4.86314909122592	2.31338863819003
TCGA-A2-A0EV-01A	5.66492568935184	4.989037865320769	5.98412323289819	2.63453503787446
TCGA-A2-A0EW-01A	4.93163091516171	2.9582916539147206	5.0236215644211395	1.8072186182266499
TCGA-A2-A0EX-01A	4.13405305376404	4.2003547311786	6.14477727159955	1.51283350027718
TCGA-A2-A0EY-01A	4.58717660369071	0.161778161978368	8.83403501830672	3.2467462846354707
TCGA-A2-A0ST-01A	2.4709144040533597	0.606079013035058	4.4145250475890805	3.7305754650092298
TCGA-A2-A0SU-01A	7.17599824848843	2.4802662787026404	5.61867893327317	2.4695339033668797
TCGA-A2-A0SV-01A	3.19001749402948	1.78863424558141	5.05806357896621	2.8240336798714702
TCGA-A2-A0SW-01A	5.1432276293311	2.12733360771628	2.83655951331619	3.848600071178
TCGA-A2-A0SX-01A	1.11999685754149	0.213718314022911	4.29833247104529	4.77999370760484
TCGA-A2-A0SY-01A	5.36812176566435	3.85486855920472	6.90704751253036	2.4579499071373303
TCGA-A2-A0T0-01A	0.43652309682537294	0.0982865806399632	4.2286271304333996	3.21294018293661
TCGA-A2-A0T1-01A	0.268193102247332	0.11596948469469599	9.44999906245399	3.25041336085994
TCGA-A2-A0T2-01A	0.23920620106844298	0.0733478201070957	4.30038346599554	2.73106152479294
TCGA-A2-A0T3-01A	5.613245165008401	4.99594913889295	5.005576375336481	3.65371274676
TCGA-A2-A0T4-01A	6.0867999208915995	4.20659728141528	5.2962304129393605	3.69117536476171
TCGA-A2-A0T5-01A	4.66036017550701	4.713009064792179	5.5777455401273395	2.27782982827329
TCGA-A2-A0T6-01A	3.4920874063493996	3.6941085256612496	5.84611255650904	1.34058291961462
TCGA-A2-A0T7-01A	3.3610081759894705	1.49237917051594	5.11215833357819	3.23567872272703
TCGA-A2-A0YC-01A	6.073601787516361	5.77653247303346	6.10876338542992	2.48787047746589
TCGA-A2-A0YD-01A	5.68014891876521	4.5764975137315105	4.92120095991413	2.3533398144209503
TCGA-A2-A0YE-01A	0.0810483317779216	0.098452660086865	4.89952703282736	3.5008486134349104
TCGA-A2-A0YF-01A	7.232238078410231	2.6037357761128597	5.13750339956264	3.70914705271649
TCGA-A2-A0YG-01A	5.4349003402474905	0.26949225460015097	9.37360561486359	4.27812983552692
TCGA-A2-A0YH-01A	5.4838593351935705	1.4206597475373701	5.200277629889	3.5084284342532097
TCGA-A2-A0YI-01A	6.21037204413463	3.60777652223242	4.85609221236483	1.44446278356562
TCGA-A2-A0YJ-01A	0.135470636070516	0.0509237295289868	8.11968061855697	3.7414548849906804
TCGA-A2-A0YK-01A	5.48106255526761	0.7346442690411441	4.35631918253603	2.1709511725523503
TCGA-A2-A0YL-01A	4.08911246345752	4.81175954670079	4.40615306136661	2.9370275209459797
TCGA-A2-A0YM-01A	0.246651744083723	0.0638876751909771	4.463043014950309	5.22294334180738
TCGA-A2-A0YT-01A	5.958095701040911	0.26566709435843	5.03418616083518	4.0764555241612594
TCGA-A2-A1FV-01A	5.80024396305951	0.650847243027675	4.76699053532203	2.33242253588142
TCGA-A2-A1FW-01A	6.945302519646599	0.35225871573409795	4.0026161466787205	4.37029912639798
TCGA-A2-A1FX-01A	5.675381004535019	3.5257410839814	4.72703560477654	3.29240935294972
TCGA-A2-A1FZ-01A	6.16794821320279	4.54116436465221	5.43488229312283	2.37425828188618
TCGA-A2-A1G0-01A	3.9458294945399	4.32951054014759	6.3985860437823705	1.55070946984503
TCGA-A2-A1G1-01A	0.652619601196556	0.243385875685739	9.784329574293631	4.310535372992
TCGA-A2-A1G4-01A	7.4502713582541595	3.7621370239051197	4.2337657807948705	3.9757904609966497
TCGA-A2-A1G6-01A	4.33616224441078	4.18869844655874	4.63772960944157	0.38839427042909
TCGA-A2-A259-01A	6.1861052153012	4.57952471882374	4.164768824021371	1.75981825466362
TCGA-A2-A25A-01A	3.5808305245659304	4.44843804714609	3.87783598304925	2.54033678926343
TCGA-A2-A25B-01A	3.8558846840669	1.15295721129104	4.04888773872138	3.9070372785113596
TCGA-A2-A25C-01A	3.8697395865083504	2.24898014555979	5.294363232729769	4.46901343592735
TCGA-A2-A25D-01A	3.24030553497508	0.10266504270063902	5.5788201162067494	2.42999668004119
TCGA-A2-A25E-01A	5.025171690671139	3.2506157938910403	5.19629633395317	3.1748262730912997
TCGA-A2-A25F-01A	0.7210811613097391	0.306210642530174	2.6868093538560296	4.39161059662027
TCGA-A2-A3KC-01A	5.06903377889085	3.16581216807277	6.06558580722618	3.12641741550436
TCGA-A2-A3KD-01A	5.77978862241159	3.3992050569136603	5.46395736369742	2.9695140020884003
TCGA-A2-A3XS-01A	0.140999824943507	0.0935345813013826	4.886138436588981	2.9972896179651
TCGA-A2-A3XT-01A	2.276900886502	0.0941756990332688	2.92163281066453	3.62190009469605
TCGA-A2-A3XU-01A	0.9711168577748049	0.0612298462943924	4.3305584879808805	2.40810110956051
TCGA-A2-A3XV-01A	0.0354877316685039	0.0626045510534491	7.76651307689646	2.42617423198641
TCGA-A2-A3XW-01A	2.84736278338601	0.8854561675517879	5.6586764444947	1.92459903365715
TCGA-A2-A3XX-01A	0.216698235657253	0.158663693856331	5.13900770791147	3.21336693838662
TCGA-A2-A3XY-01A	0.29946936671626	0.34358767393161893	4.35002793776111	5.18260620799368
TCGA-A2-A3XZ-01A	0.37081024538736107	0.290758003333222	9.78826685870161	2.79270596333507
TCGA-A2-A3Y0-01A	1.71334103207555	0.0404991145576367	3.6833940233552402	3.83315829892673
TCGA-A2-A4RW-01A	4.08473997263415	3.3223286485303998	5.5034490727959	1.78298184400963
TCGA-A2-A4RX-01A	0.6866589297491079	0.8737845261777311	4.6389721605228	2.5354082776409905
TCGA-A2-A4RY-01A	2.6485223825114703	3.31081456398162	5.371230136432611	1.1903690707806
TCGA-A2-A4S0-01A	6.74565594986668	5.93945367418058	4.30502228617911	1.07574450997983
TCGA-A2-A4S1-01A	0.500712330798914	0.0186468222370503	0.8896382782014921	1.7310325402689999
TCGA-A2-A4S2-01A	4.382037919119529	3.9552108079032497	5.152839503481419	1.5774579672424298
TCGA-A2-A4S3-01A	5.524647576339341	2.7189161250232403	4.61365700224755	4.04549521449656
TCGA-A7-A0CD-01A	6.4824182884403205	5.32462778497046	6.33955912470058	2.67066426754832
TCGA-A7-A0CE-01A	2.0364802611191	0.508600119454521	5.22988801757188	4.089532797910279
TCGA-A7-A0CG-01A	6.3252107046692405	1.2572094777993201	4.89004924553232	2.70129741664958
TCGA-A7-A0CH-01A	7.2231090447067405	5.09394737976776	5.250662191584349	2.16558755235342
TCGA-A7-A0CJ-01A	6.397853288452179	5.532807366202659	4.28870808537657	2.01618855685941
TCGA-A7-A0D9-01A	4.94271761775755	0.738396584576402	4.652039077480629	1.7512935576392001
TCGA-A7-A0DA-01A	0.21441899283167198	0.162944840090692	4.652404187730331	3.3295873600887997
TCGA-A7-A13F-01A	4.830430380372991	4.05495675219624	5.98200285155509	4.139006688923731
TCGA-A7-A13G-01B	7.41402783529853	3.53231684856866	4.41495847957643	2.61621762136697
TCGA-A7-A13H-01A	5.172404779510259	2.64763543164886	5.73135770897283	1.46380716917204
TCGA-A7-A26F-01B	1.30505649238665	0.236777465808591	3.87115780280614	4.42205391696962
TCGA-A7-A26G-01A	0.46337574695406497	0.651290943837644	2.6194602494362997	4.21874857884148
TCGA-A7-A26H-01A	6.1144189290596	5.036928304131201	5.74039500909286	2.8954418871839906
TCGA-A7-A26I-01B	1.2237327331241399	0.37242437147938795	4.30416987790404	5.1742079495081
TCGA-A7-A2KD-01A	5.1040588919601	3.66955672513798	8.983016389767	3.14274076195901
TCGA-A7-A3IY-01A	5.609867022797849	4.34675186975777	3.4507195001134106	1.9634335722888798
TCGA-A7-A3IZ-01A	7.49972901891165	0.19505383699266698	5.66781037781505	3.6864498725445896
TCGA-A7-A3J0-01A	6.53591552671946	6.802955550001639	3.7188018654115402	2.67378235032001
TCGA-A7-A3J1-01A	5.2451882588932905	0.430680420495651	5.71901374860227	2.02599999370775
TCGA-A7-A3RF-01A	6.32833749614511	0.25606799762744603	2.3156441578346203	1.8118688552892699
TCGA-A7-A425-01A	5.0319517250620995	3.09645555676342	4.94668826445775	2.37203687031189
TCGA-A7-A426-01A	4.11853447111274	4.004411415125039	4.58727842913296	1.61401843287392
TCGA-A7-A4SA-01A	4.4981456714226296	0.600474076562731	5.65713762781732	2.8485429839207703
TCGA-A7-A4SB-01A	4.418856039847451	1.41276633045865	5.9867530091486705	2.1714536964185402
TCGA-A7-A4SC-01A	5.81243168565042	0.3927783164690779	6.51595577626919	1.51364166664692
TCGA-A7-A4SD-01A	0.33411867605319395	0.0458780551433026	4.66271904264318	3.9579811039202006
TCGA-A7-A4SE-01A	0.447915436669448	0.23847226313598896	3.9996618728609596	3.24451263047004
TCGA-A7-A4SF-01A	5.29983210713548	0.14955917051697698	7.5271410033093	2.89261485619011
TCGA-A7-A56D-01A	4.61956187057705	1.14588348437244	5.17021207262875	2.60790402063203
TCGA-A7-A5ZV-01A	0.13391467559659598	0.0372900206805442	5.490094272068091	3.1014330652260096
TCGA-A7-A5ZW-01A	4.43072280839076	4.4264749235831795	5.3172713310745	0.869636331611531
TCGA-A7-A5ZX-01A	3.69175571896092	2.9131033231947296	5.87967051039449	0.41454849569464103
TCGA-A7-A6VV-01A	0.221442920929133	0.19597869708772397	4.67259976321196	3.8983418784926003
TCGA-A7-A6VW-01A	1.08246890017365	0.0338331464787263	4.27427388060859	4.3183316500104505
TCGA-A7-A6VX-01A	5.580431874289629	0.21806045474201802	4.8833548305465	2.9686420539982
TCGA-A7-A6VY-01A	0.28854145857168106	0.059398562320991	3.1199492293387205	3.3038748580560804
TCGA-A8-A06N-01A	7.412414221870461	0.0737241129339155	5.943708082734751	1.9707196386091799
TCGA-A8-A06O-01A	6.29384439539587	4.223502797204721	5.30923454417109	4.06555867586392
TCGA-A8-A06P-01A	4.60777029508621	5.183426590161	5.0507207522850495	1.7919139074843002
TCGA-A8-A06Q-01A	5.264367770291821	3.93726747255409	5.10970028195236	3.2430384139724397
TCGA-A8-A06R-01A	5.8297407188135	0.24888994228427302	3.6297223348188696	2.4689813625985497
TCGA-A8-A06T-01A	6.82760909793946	5.02603652084734	5.83736551334093	2.53283706902668
TCGA-A8-A06U-01A	6.297453668674019	2.15966137912121	5.946037955679049	3.0031968764256094
TCGA-A8-A06X-01A	6.71909602441958	0.13252926194137898	5.43617886168647	4.25122726586563
TCGA-A8-A06Y-01A	7.16070197907727	0.5227760778844079	5.58024840529305	1.82138518157814
TCGA-A8-A06Z-01A	6.124631113138991	3.17766674064142	5.89920260978678	3.4462437496091605
TCGA-A8-A075-01A	3.17373168234873	0.429184974777378	4.592169647379571	4.45358307805692
TCGA-A8-A076-01A	4.12592841346558	1.09901300569259	8.08740797245453	3.1396549936537497
TCGA-A8-A079-01A	6.933013815807169	3.40215185041694	4.60584429909757	4.952561143884241
TCGA-A8-A07B-01A	4.85117483734279	2.23262943665837	7.57810890953581	3.89851327051004
TCGA-A8-A07C-01A	0.145266771596492	0.0649519061857043	4.30076215556259	5.35120822442502
TCGA-A8-A07E-01A	5.8185976743697205	0.952709886192893	4.29569908706838	4.303384581351231
TCGA-A8-A07F-01A	5.1037912973909005	8.15027675100878	4.81037371989775	3.42047759554582
TCGA-A8-A07G-01A	6.60497072360694	2.43431611077071	5.98402789892567	2.02719794114797
TCGA-A8-A07I-01A	5.803513635492001	0.23530950913895898	9.161582616651831	3.77481404500849
TCGA-A8-A07J-01A	4.20194070994694	3.0958864294012898	5.34888078300213	1.97906525238704
TCGA-A8-A07L-01A	7.5571841878982005	1.88360497555228	5.0780489690538895	3.97457893692308
TCGA-A8-A07O-01A	1.4963091897568699	0.222792507776566	4.1259976708466395	4.502884310847571
TCGA-A8-A07P-01A	7.016798634154429	2.59184351967865	7.32654899787628	2.31073472336244
TCGA-A8-A07R-01A	0.10754167576161001	0.037520708276933	5.08433981907115	4.9663260116182695
TCGA-A8-A07S-01A	6.40406148231995	1.83297448399409	5.280232545208349	3.4160131674057697
TCGA-A8-A07U-01A	1.4607110535341001	0.276700792594822	5.0565862933978	4.5369178807602
TCGA-A8-A07W-01A	6.99560592974147	3.6956087136877	5.02547262048768	3.9512400305222597
TCGA-A8-A07Z-01A	6.00254454902788	4.23466775544222	5.353391630176139	3.05062334482798
TCGA-A8-A081-01A	6.32884889981147	0.0653590616383223	6.17062820279339	4.33355332212841
TCGA-A8-A082-01A	5.15123879139393	3.60697947899885	4.72579338961618	4.11010505254837
TCGA-A8-A083-01A	7.4815621827244	3.0920958690619598	5.70120740549395	0.9681910386364
TCGA-A8-A084-01A	5.79530213519406	0.13511507565417402	4.88397737411126	3.3771066653348
TCGA-A8-A085-01A	6.17892577640411	0.0816161382615043	5.59185950084904	3.74357112137286
TCGA-A8-A086-01A	5.94364473461183	6.11196984904603	4.449681727888651	3.1281172585888304
TCGA-A8-A08A-01A	6.29518192977628	3.90475425368691	5.49387038915711	2.2044587892982097
TCGA-A8-A08B-01A	4.06861866203095	0.809801639074907	8.843836952712849	3.7512712175552005
TCGA-A8-A08C-01A	7.0041778328502	0.37363584824709295	5.2983822869158494	2.43073683461017
TCGA-A8-A08F-01A	6.0784650772570705	1.10670855641111	4.990045454922179	4.17721696246786
TCGA-A8-A08G-01A	5.96540562448453	2.00314229058798	5.38756707737151	3.29896629529898
TCGA-A8-A08H-01A	3.3299115655705602	1.76426956861549	3.59356102035603	3.4786185034751
TCGA-A8-A08I-01A	7.083897169695099	4.2224971799114295	4.075773509514439	3.6088630319511603
TCGA-A8-A08J-01A	3.55924940163229	1.57552250674964	9.17516579440907	3.05265398050081
TCGA-A8-A08L-01A	3.03744433778453	0.0292319464291391	5.70940094218181	3.98612267315137
TCGA-A8-A08O-01A	4.49158131446814	3.7460386655881397	5.73099177159662	3.2515923932527406
TCGA-A8-A08P-01A	4.77604950615918	1.54775681189621	5.82547132440895	3.10036517202131
TCGA-A8-A08R-01A	0.257652412807638	0.159203573291366	5.68682953304102	4.220974402452581
TCGA-A8-A08S-01A	6.24034045463269	2.2851432704114303	7.74507731906384	3.95001004538848
TCGA-A8-A08T-01A	5.91131334232597	1.5181768147373602	5.29319985457214	2.4610719335313997
TCGA-A8-A08X-01A	0.703314203878499	0.30113397991445395	9.55504101708169	4.03570436579278
TCGA-A8-A08Z-01A	4.3280414842884305	4.5486231760341695	4.8920682004198	2.6063044330585297
TCGA-A8-A090-01A	6.60781813506085	4.4852550614774405	5.90298740283325	3.4541039386661603
TCGA-A8-A091-01A	6.09686784877563	0.163345735587487	5.305582441389861	2.76861017066364
TCGA-A8-A092-01A	4.173621690073371	4.0928600239792	5.97919595176922	4.53694126368116
TCGA-A8-A093-01A	6.57798786718266	4.70708739928105	5.82633062977737	2.7066320047598795
TCGA-A8-A094-01A	2.62246378611738	0.96327089125354	4.63683743698048	4.17361325148749
TCGA-A8-A095-01A	5.83696807404772	4.3399868445140095	4.60860939406066	3.8729400613484706
TCGA-A8-A096-01A	5.9042140185847	1.13506567440731	4.931060059219259	3.58106261186388
TCGA-A8-A097-01A	5.55945399492664	3.32880541040802	7.194528369696861	2.9204294104865895
TCGA-A8-A099-01A	7.13064939005721	4.32412955909748	5.78482810692497	2.32050514853667
TCGA-A8-A09A-01A	5.34791831175587	1.1817921153347	6.42167696068676	2.77693588448339
TCGA-A8-A09B-01A	6.4573026842986	6.34024816796722	5.47436121270573	2.45038594225628
TCGA-A8-A09D-01A	3.7129872760573197	0.436061353040056	4.5687849997692	3.35887390968912
TCGA-A8-A09E-01A	6.457330958201849	4.28758000423975	6.261229158046781	2.81716342299652
TCGA-A8-A09G-01A	1.6030058426767502	0.082891814252302	7.933291033861621	3.86272830707604
TCGA-A8-A09I-01A	4.68327180437921	0.0924476506087801	9.904805734902538	4.40155078549325
TCGA-A8-A09K-01A	7.24634838246206	1.07292679689111	5.30480050789266	2.86977212003385
TCGA-A8-A09M-01A	6.05287142088422	2.5361739719537	5.20076385392845	2.9748810894010003
TCGA-A8-A09N-01A	6.195135792612589	2.37500359761733	4.697056845000099	4.14830343739971
TCGA-A8-A09Q-01A	6.571972218816851	4.4128051159035895	4.409919948935269	3.54733955958636
TCGA-A8-A09R-01A	4.86217813784102	0.548101182980824	6.022669559621249	3.1643387808954797
TCGA-A8-A09T-01A	5.49817038645354	5.885786352600809	5.04967458829856	2.52915737871692
TCGA-A8-A09V-01A	5.08048270120951	5.32895296575258	4.92020995244443	2.93541506729302
TCGA-A8-A09W-01A	5.69218223324996	0.20548982154370396	5.35661941773819	5.5380729172402505
TCGA-A8-A09X-01A	0.49700237718796797	0.132401313446309	5.05748380069759	4.63329694083903
TCGA-A8-A09Z-01A	5.5409145668121305	0.0159714312450684	5.9469218572891	2.83665087782901
TCGA-A8-A0A1-01A	6.48553127344707	2.3967955785395803	4.88043539235944	2.95830237749938
TCGA-A8-A0A2-01A	6.432092840672929	4.13084384726667	5.149958149754861	2.0458819697387702
TCGA-A8-A0A4-01A	4.96317967364878	3.2138470326913198	5.36800703023485	3.26497784286529
TCGA-A8-A0A6-01A	4.1379948772608595	1.8421806397022	5.6923026901854	1.5893038545562899
TCGA-A8-A0A7-01A	1.83397738347255	0.7673979880103199	8.09396758355468	2.78837438485017
TCGA-A8-A0A9-01A	6.34541032246587	3.88622703304789	5.66682997128559	3.1937945431674
TCGA-A8-A0AB-01A	6.819897232305241	3.6651568066947595	6.118595776284961	3.2022864002948497
TCGA-A8-A0AD-01A	6.68973517988308	4.73530794473746	5.92377753336582	1.9956862859348101
TCGA-AC-A23C-01A	6.4557504390918306	0.9665413011029691	7.43249149488469	2.3022527310228798
TCGA-AC-A23E-01A	4.27917529912392	4.546512143696701	5.09191355332282	2.70168491699381
TCGA-AC-A23G-01A	4.25978262796602	3.90969134464427	5.0717251861514905	2.03818220715474
TCGA-AC-A23H-01A	1.07684025094408	0.110484187190923	8.918646820640909	3.66597767461354
TCGA-AC-A2B8-01A	4.2971925063414504	5.3105699621082	4.88925955701971	2.33071943945115
TCGA-AC-A2BK-01A	0.0845033767590644	0.0312876965058957	3.2792634741192104	4.39185593204476
TCGA-AC-A2BM-01A	4.21935493921272	3.63757693907594	3.8912877998504705	2.8586437827313502
TCGA-AC-A2FB-01A	4.0960480012725	3.0106955535512	8.40745487609318	2.31392870619548
TCGA-AC-A2FE-01A	4.007843812806811	1.7840284333643401	5.36031549066171	2.04707335943775
TCGA-AC-A2FF-01A	2.3786237456695	3.5996972974032	5.57543128251132	2.5597396334452203
TCGA-AC-A2FG-01A	6.358477471257	1.25283658091537	5.370491363834041	1.1600357952176599
TCGA-AC-A2FK-01A	2.18880948887986	3.9622729467428397	5.569608649088821	0.9012948394601321
TCGA-AC-A2FM-01A	6.67737057473521	1.30084639394246	6.77670162557747	2.66155191025354
TCGA-AC-A2FO-01A	5.910848636030071	0.806068544679178	5.84387713387694	1.36905506562673
TCGA-AC-A2QH-01B	0.5980838908905051	0.0198602095073974	1.92434211046031	5.43481468193717
TCGA-AC-A2QI-01A	5.02679604995086	0.355615776526521	5.88826744454556	0.935776849849309
TCGA-AC-A2QJ-01A	0.230040119330757	0.00291902162346308	3.7782345641554396	2.7110393035782003
TCGA-AC-A3BB-01A	3.27051520251358	2.9816436806538795	5.0588823769804	1.1708081180279
TCGA-AC-A3EH-01A	5.19422586798965	0.147462858789903	6.5270538492373396	2.04792233681608
TCGA-AC-A3HN-01A	5.44979210890653	1.34984153797447	5.45365261548104	2.46653355745836
TCGA-AC-A3OD-01B	7.21984091714751	4.75180049056418	4.08115417843599	4.2866447479969105
TCGA-AC-A3QP-01A	2.35926422985878	2.27798100636772	5.528954020138791	0.7993544240795429
TCGA-AC-A3QQ-01B	5.694862570732731	3.0948245545465	7.591343599465651	4.425167884429941
TCGA-AC-A3TM-01A	3.38067282382999	4.0390708463682	5.5607637355739605	3.03457317975223
TCGA-AC-A3TN-01A	6.16817630903703	2.7591022588893197	6.13821929262825	1.05876482042153
TCGA-AC-A3W5-01A	1.5269454782250902	0.4419275739927249	9.67465048935905	2.8999083435659503
TCGA-AC-A3W6-01A	4.79721988519895	0.316340315199107	4.23645794935534	2.17813072982181
TCGA-AC-A3W7-01A	5.3321675663285	1.79779934555939	5.27504101445763	2.43569793125381
TCGA-AC-A3YI-01A	2.62306768451906	0.7574792381083721	5.821976888865921	1.03018624372226
TCGA-AC-A3YJ-01A	5.6516012638612	5.03035222812102	5.219262981535071	1.52709222575785
TCGA-AC-A4ZE-01A	6.17374346029405	3.6618929117714103	5.531035339393821	2.50725419179158
TCGA-AC-A5EH-01A	1.57237513323684	0.13534796219482198	5.11774142522387	2.5087616927016403
TCGA-AC-A5XS-01A	4.493076929527231	1.3839338398333099	4.87682102747592	1.96954017735546
TCGA-AC-A5XU-01A	5.7207155318976906	3.66768628966378	4.67651629505212	2.6191974656927597
TCGA-AC-A62V-01A	5.19857112364981	0.20446218173341102	5.21900817353765	2.8831957395151697
TCGA-AC-A62X-01A	0.273830881585402	0.0346916984434804	5.0465113646894	2.60486913366049
TCGA-AC-A62Y-01A	6.533569497619981	4.8418186785343895	4.43779278583479	1.2672831098676203
TCGA-AC-A6IV-01A	4.05506507052787	2.28228475990734	4.9859203058241395	2.57696224215578
TCGA-AC-A6IW-01A	0.5487879058774571	0.0942562453053458	3.68643889217221	3.5306958142944502
TCGA-AC-A6IX-01A	4.38320681051736	0.516296087633284	4.71460039459092	2.4780050392152004
TCGA-AC-A6NO-01A	4.38628642464681	3.95955295321365	5.63018090610982	2.4278795586124904
TCGA-AC-A7VB-01A	6.409138663066809	0.109635015068715	7.099190621388861	3.48315470418821
TCGA-AC-A7VC-01A	0.26223257076224	0.28471413954302804	2.98109714903544	3.30911081865495
TCGA-AC-A8OP-01A	6.085876549533559	0.34500931666901097	5.69733370012581	2.40047552715862
TCGA-AC-A8OQ-01A	0.529910084861685	0.151194871491736	4.6225119598795406	3.43096949135121
TCGA-AC-A8OR-01A	6.105181564697539	3.9404160686897796	4.452053888322509	1.67307049432531
TCGA-AC-A8OS-01A	6.386946260148339	0.99593004639504	4.429929278293191	1.7998682313316599
TCGA-AN-A03X-01A	5.966240297911769	3.9897311590631097	5.5575237937517095	2.40334334924946
TCGA-AN-A03Y-01A	5.9746886011608895	4.8654928853429595	4.56580568907661	2.94921440785313
TCGA-AN-A041-01A	4.874660412989639	0.27097470680956504	6.489429464122041	3.07821156770817
TCGA-AN-A046-01A	6.127958195249361	5.767262819973731	5.20240666943838	2.7233188656075495
TCGA-AN-A049-01A	6.80296696191347	3.60387116518816	6.18908900498392	3.484649662382
TCGA-AN-A04A-01A	4.468298925930791	1.61432611089557	4.39402575242519	3.12697599138405
TCGA-AN-A04C-01A	1.6933612313712298	0.0691419399198163	9.6187049198339	3.7232932842008704
TCGA-AN-A04D-01A	0.10063906664540401	0.0314754311577099	4.53592606158896	4.61894295785363
TCGA-AN-A0AJ-01A	5.61061730856226	4.77040861871349	4.93887275960633	3.76462420127258
TCGA-AN-A0AK-01A	5.834019003780861	0.123561234370166	5.972962519113411	4.30309776693223
TCGA-AN-A0AL-01A	0.37642637331403905	0.280831715719134	3.86293584205724	4.79351481577613
TCGA-AN-A0AM-01A	6.35606222413906	0.140091332366542	3.86046677416805	3.26968631235135
TCGA-AN-A0AR-01A	0.4222618596465	0.017840227239845	3.58689750219603	4.300832280037359
TCGA-AN-A0AS-01A	4.1327567254136	0.24191279493313	4.49814907966005	2.9991428423474904
TCGA-AN-A0AT-01A	0.12148329806809802	0.0180890189251553	3.3314600760887303	4.12428007226243
TCGA-AN-A0FD-01A	6.50544428900563	1.1258833156596	4.5031233835502595	3.06098425676303
TCGA-AN-A0FF-01A	4.63065449018103	2.22407198001209	4.59057108967222	3.50506145032604
TCGA-AN-A0FJ-01A	0.109367296066238	0.0510390115651421	3.92917809482091	4.66069609130785
TCGA-AN-A0FK-01A	7.21730366198905	5.225324071156	4.93183861392144	3.0926582621856498
TCGA-AN-A0FL-01A	0.162322755816406	1.31000494828412	4.44447189786082	3.0419307764390804
TCGA-AN-A0FN-01A	4.55093397189694	1.13780744410707	4.27820540682072	2.1377053158960604
TCGA-AN-A0FS-01A	6.43672675838189	1.05748371904816	5.39011032051178	1.8326312881954399
TCGA-AN-A0FT-01A	4.522284254251259	1.8354786959218898	9.90559967525412	1.61900027604313
TCGA-AN-A0FV-01A	1.09017940874129	0.132340173628746	9.853841245649619	2.90546233064967
TCGA-AN-A0FW-01A	6.544813450572049	2.8363534096952003	4.00695041620585	2.7908333600471096
TCGA-AN-A0FX-01A	1.04684228480643	0.6788521743624281	4.5596427107097	3.90745232377945
TCGA-AN-A0FY-01A	5.378191995310449	5.390529856212701	4.30169212527555	3.7405238494608097
TCGA-AN-A0FZ-01A	5.32402498175194	0.21973473418486497	6.10289806086887	2.49304130986862
TCGA-AN-A0G0-01A	0.0505875569095052	0.0548176047593556	5.13928104320277	1.8031757061925102
TCGA-AN-A0XL-01A	5.6675161870896	2.4312114232086297	5.72725004331972	2.28451107517705
TCGA-AN-A0XN-01A	3.81493990157741	6.3799060395743	3.8297256224947103	2.6924943730845396
TCGA-AN-A0XO-01A	6.24346661457788	4.8102158569451	5.706336599421	2.66262401552666
TCGA-AN-A0XP-01A	7.24436227098767	4.14743077590108	5.63576353801951	1.9702974171330698
TCGA-AN-A0XR-01A	6.700343209890731	1.6178304810433	4.16125773891517	3.5094738017012
TCGA-AN-A0XS-01A	5.45445557848508	5.74026292092484	5.11227340540548	1.8696380990893102
TCGA-AN-A0XT-01A	7.26289112029451	0.971912623122866	4.504490638140481	1.94628958464322
TCGA-AN-A0XU-01A	1.76433678551482	0.0217723913203551	4.73329152227532	4.38993385270148
TCGA-AN-A0XV-01A	6.60767386307668	2.02357137853221	4.3503003330337	2.59307042632806
TCGA-AN-A0XW-01A	3.8784534757012303	2.6364390038743197	4.500470328397269	3.1150706059271003
TCGA-AO-A03L-01A	3.9532675595308	1.22004862013005	5.87849915666808	4.3497496508451805
TCGA-AO-A03M-01B	3.4968670383192997	2.77145527542202	6.091069032742269	3.3730723461305
TCGA-AO-A03N-01B	4.30996975676157	0.25438725635134696	4.31051648365933	1.84055853432966
TCGA-AO-A03O-01A	6.029796643297519	2.93463488847546	5.0132473559750705	4.221316136949721
TCGA-AO-A03P-01A	6.20208992735162	3.1683682974373597	5.29302849737257	2.29417433545348
TCGA-AO-A03R-01A	5.580724108358799	1.05252500314393	3.18316176680535	4.30904591359837
TCGA-AO-A03T-01A	4.10806079135736	1.37818624621503	4.539471233842151	2.6201006623557404
TCGA-AO-A03U-01B	0.7652956043013829	0.207591161791645	4.4828786380132195	2.60982814369317
TCGA-AO-A03V-01A	4.29868366304565	3.9078329871281294	4.7684608067239	3.16388698894791
TCGA-AO-A0J2-01A	0.5488607270010251	0.0422249944957849	5.519546498986981	4.51422328598028
TCGA-AO-A0J3-01A	6.3747972420952	2.38204740805185	4.21005771942267	3.20883780688259
TCGA-AO-A0J4-01A	0.19180253699587	0.10900469308738198	4.30794476346425	4.27042712430564
TCGA-AO-A0J5-01A	5.19110437738854	0.24478654876333397	5.141091912181519	3.16928340034532
TCGA-AO-A0J6-01A	0.8086010122292149	0.0072769240250197	4.503898150806389	4.080262613432129
TCGA-AO-A0J7-01A	6.67932014441203	2.45438712718078	5.395411026224309	3.75981921384647
TCGA-AO-A0J8-01A	5.89508179777217	3.72177561962616	5.64896103139243	2.4235705241659202
TCGA-AO-A0J9-01A	4.75861618007086	2.20773749653583	3.7359338478344397	2.8646038752671497
TCGA-AO-A0JA-01A	4.71784633809993	1.57835820488666	4.727565458210299	3.2637361663331403
TCGA-AO-A0JB-01A	3.9287450263254304	1.57432652935236	4.23772042914052	2.55392612451119
TCGA-AO-A0JC-01A	3.6518194509141897	1.07469740131853	2.4338888715407996	2.7380834959775
TCGA-AO-A0JD-01A	5.490287031691659	2.9015727760063	4.65139248043401	3.69488386649763
TCGA-AO-A0JE-01A	0.7290607583527979	0.18373552561637901	7.74811261619831	3.1501473415785597
TCGA-AO-A0JF-01A	5.28670738877997	3.1528440681752503	5.1882005752424405	1.87727378157564
TCGA-AO-A0JG-01A	5.1574986550043	0.8199819915748091	4.88166787079074	1.5846884053743202
TCGA-AO-A0JI-01A	6.3529678353777	0.5343458394439411	5.733323410748089	3.3069987919219397
TCGA-AO-A0JJ-01A	5.995137543274501	3.7862313409185804	4.36260685376714	2.99633010223418
TCGA-AO-A0JL-01A	0.823943670171973	0.12775131830917802	6.301820453951679	3.0916351208959
TCGA-AO-A0JM-01A	3.8982668418247597	0.612125109898997	8.11489384509872	3.8262275998296
TCGA-AO-A124-01A	0.0624649818924786	0.0222994667899208	5.3639618878519695	4.43483044832265
TCGA-AO-A125-01A	6.93860982283342	6.103748018858861	5.01145657072103	2.11722298299152
TCGA-AO-A126-01A	3.3385244072309703	0.7048080294387801	4.919916632858991	1.9909598053966697
TCGA-AO-A128-01A	1.70690304810899	0.0525942161405121	4.76542848889465	4.447107822778349
TCGA-AO-A129-01A	0.8301408724693871	0.265673555102039	3.83607140589535	3.93362672276052
TCGA-AO-A12A-01A	4.599545402578281	5.31459266510588	4.76953577076579	2.4605555996621002
TCGA-AO-A12B-01A	7.56364346612605	5.74705286992208	4.404500448398401	2.29955387392437
TCGA-AO-A12C-01A	4.38143841268335	2.2563937416270696	6.665902458385889	1.9003067568256797
TCGA-AO-A12D-01A	0.74084009545609	0.292955728223388	9.942762265999619	3.0153871107551895
TCGA-AO-A12E-01A	4.41016657851696	3.32837706867091	5.27097711536365	3.37303629881014
TCGA-AO-A12F-01A	0.137403215272358	0.19744115988695202	4.814682910886099	2.52446830037065
TCGA-AO-A12G-01A	5.602274534694871	1.6390111918586998	5.75608920689921	2.27937737673163
TCGA-AO-A12H-01A	7.579630444893169	1.09226721254536	4.566489913741401	1.88575224896296
TCGA-AO-A1KO-01A	3.63847738779873	3.4173064938804303	4.07376277271257	0.8993996348227191
TCGA-AO-A1KP-01A	6.12637248400346	5.03424510689362	4.1102370490128	2.7964407214494003
TCGA-AO-A1KQ-01A	5.7454408064042	3.5811387885034596	4.76742017423908	2.9323790816910296
TCGA-AO-A1KR-01A	0.36221025750765395	0.13433112153066198	5.304683041938451	4.06957809678579
TCGA-AO-A1KS-01A	6.68669315898628	5.88433119164078	4.69007194751504	4.32483440039182
TCGA-AO-A1KT-01A	4.54598687484239	2.16588790279343	5.201752085656059	2.70160998026702
TCGA-AQ-A04H-01B	7.12310643309146	0.18207089887231398	7.325131888175259	3.1836489752808
TCGA-AQ-A04J-01A	0.7744877826611241	0.345607177345628	4.04154385810022	4.29786701510723
TCGA-AQ-A04L-01B	3.314016588593	0.229099407514148	5.26593155340868	1.8180982531915701
TCGA-AQ-A0Y5-01A	2.55847050790142	0.4590456748511811	9.418133672486961	1.97364279362676
TCGA-AQ-A1H2-01A	7.809661647782769	0.7189656956870369	5.6578085650040695	1.1830295836108502
TCGA-AQ-A1H3-01A	5.62691341034979	4.82621429101976	6.1171295602959	2.96742479543965
TCGA-AQ-A54N-01A	0.07677904844232	0.00636943519774383	4.0217590663583	2.7780436423241
TCGA-AQ-A54O-01A	4.8851590723005005	2.3318183615345403	4.73575184857381	1.5010490206811598
TCGA-AQ-A7U7-01A	3.55673437827508	4.3210206160363	4.10127390813006	1.7248333650202199
TCGA-AR-A0TP-01A	0.0519528580166653	0.0433068914200339	3.90732645048351	4.47813518815757
TCGA-AR-A0TQ-01A	3.6825920708767996	0.12876452012518902	8.959945841311821	4.26447526654738
TCGA-AR-A0TR-01A	7.00662863552726	5.5230704181322094	5.554707144276401	1.6848145405080501
TCGA-AR-A0TS-01A	0.343010582058284	0.178969931421488	5.31842324559434	4.4365825948724
TCGA-AR-A0TT-01A	4.40262398072537	0.162937354314276	4.29827029026831	3.51439267459152
TCGA-AR-A0TU-01A	1.2018619635590602	0.020405744039384	3.20909919933411	4.2972630037387
TCGA-AR-A0TV-01A	7.42308213959741	3.99853171245195	4.19510856297593	3.6600589006965696
TCGA-AR-A0TW-01A	4.23578556214127	1.75315358959253	5.53388279525396	2.32865038367099
TCGA-AR-A0TX-01A	0.775519644224634	0.247113934262048	9.47539628737965	3.5942956785614197
TCGA-AR-A0TY-01A	6.1586262871079	0.166811632661146	4.68491999725554	4.36377786575951
TCGA-AR-A0TZ-01A	5.22217471087663	4.37543827874142	5.804736557512361	4.16509352462301
TCGA-AR-A0U0-01A	0.29198112878413895	0.128467075893815	4.596145320886599	3.1066969766564703
TCGA-AR-A0U2-01A	4.61187020997899	1.61446540912577	5.02221100055718	4.7625988241784505
TCGA-AR-A0U3-01A	6.86801548299672	2.16742911513052	4.7039708733122	5.182519942065
TCGA-AR-A0U4-01A	0.7142862401066791	0.0819968585786623	3.15043298093823	4.56252877829446
TCGA-AR-A1AH-01A	0.0422620814359002	0.0405505447327307	5.04625801293002	3.19353170162889
TCGA-AR-A1AI-01A	1.7741634486746	0.028579148718207995	4.64898688537678	4.952108454505599
TCGA-AR-A1AJ-01A	1.2129852080238201	0.0841278351180229	3.2864445586532303	4.26634975923312
TCGA-AR-A1AK-01A	4.45423622348769	3.0978066694227797	5.18775124696773	2.22266881259916
TCGA-AR-A1AL-01A	4.41318970390288	4.953459158574059	4.98935388473192	2.5002302617843197
TCGA-AR-A1AM-01A	3.77844571670042	1.7957776691082599	5.94848047655444	0.9747053441038
TCGA-AR-A1AN-01A	4.60695918360423	4.82252991752411	4.35228951991204	2.87970235598271
TCGA-AR-A1AO-01A	1.29206490935557	1.07606105326383	3.96762066870942	2.8749070845222904
TCGA-AR-A1AP-01A	5.184152490691861	1.03365968174105	5.34566967253667	3.1061370048471004
TCGA-AR-A1AQ-01A	0.6706390277691879	0.0374099528475493	4.5419715849394295	3.62735559722558
TCGA-AR-A1AR-01A	2.0026972173628996	0.0946239989700107	3.13313754173809	4.300036513209729
TCGA-AR-A1AS-01A	5.72716412379407	4.22255994786376	5.20183825323263	2.70458656064417
TCGA-AR-A1AT-01A	2.83015540221615	0.327174207170145	9.96609306978027	3.63301909131705
TCGA-AR-A1AU-01A	4.4621769267695	4.82851988475589	5.05358187271675	3.2573963057581197
TCGA-AR-A1AV-01A	6.58521102015005	4.11893260737522	5.608480857408559	2.65455540816939
TCGA-AR-A1AW-01A	4.89373275451162	3.09016308571756	4.63267829549211	4.15118714004653
TCGA-AR-A1AX-01A	4.077280896068411	4.026425433219201	7.26136015350566	3.2294609709635895
TCGA-AR-A1AY-01A	0.8283568757877859	0.31379631196686497	4.21044260147667	4.64880104124566
TCGA-AR-A24H-01A	5.37948965833938	1.85214129885928	5.852717799745389	3.99756325316318
TCGA-AR-A24K-01A	5.603629398895169	4.94177611947237	5.1611045034837	3.64997723141043
TCGA-AR-A24L-01A	5.22340969313563	3.52230553446666	5.25075854548576	3.4999008168392
TCGA-AR-A24M-01A	5.9096322830559505	4.81891860808402	5.270889741727861	2.7938163892200802
TCGA-AR-A24N-01A	6.5955651168033205	3.8809801203037	5.0989331013101395	3.74068240373824
TCGA-AR-A24O-01A	4.633386156446679	4.58756327280608	4.30944807583811	3.22058671156941
TCGA-AR-A24P-01A	5.4981161262338	3.42903338707393	5.642626966106219	3.37174027969318
TCGA-AR-A24Q-01A	0.9893793292065128	0.43526015535024704	4.424141705636349	4.132109234321749
TCGA-AR-A24R-01A	5.0167179737927405	2.36039956107337	4.55691363535276	3.3236090021272795
TCGA-AR-A24S-01A	5.56271694872444	3.65401895202511	4.09119490897815	4.4241564447201505
TCGA-AR-A24T-01A	5.01334847408463	5.730492240047259	5.09548825756425	1.56089605112488
TCGA-AR-A24U-01A	1.1466131325842	0.330238824388132	8.67338989800326	3.3193213103159
TCGA-AR-A24V-01A	4.640394307803519	2.37761384621581	4.966935856736611	2.9268517918763797
TCGA-AR-A24W-01A	5.48582133107357	3.98411300789053	4.6987746396870795	1.07889261120706
TCGA-AR-A24X-01A	4.13909759868276	5.20036763553243	5.621011281368929	2.5732636424024102
TCGA-AR-A24Z-01A	7.1949500578510595	3.7316767434129705	4.33396800195843	4.1465465189661
TCGA-AR-A250-01A	6.07366026636361	0.37646793904866904	8.07958739873534	3.9012784195883103
TCGA-AR-A251-01A	1.22249384690213	0.115848025039423	3.69344753940223	4.833238820133941
TCGA-AR-A252-01A	4.79138672740655	3.3255460533804704	3.00796966223208	2.8243311693081896
TCGA-AR-A254-01A	2.86907416138453	3.38282416006561	9.15542821439329	4.896447946695701
TCGA-AR-A255-01A	5.54007889276391	4.802900089721259	5.15294380966041	3.0175835390838395
TCGA-AR-A256-01A	0.194819213894029	0.060619160477110995	3.45394428868639	5.59246625633652
TCGA-AR-A2LE-01A	6.20167124702584	3.85175782447146	5.38796702485062	2.32220643833975
TCGA-AR-A2LH-01A	2.47735712500379	0.97008213752787	5.04705518151137	2.96493757895459
TCGA-AR-A2LJ-01A	3.09745597976685	2.44203309014466	8.36934420583441	1.7821266068617099
TCGA-AR-A2LK-01A	6.90186045750234	4.92350381275425	4.81794010014129	4.06002096880955
TCGA-AR-A2LL-01A	7.10120790437065	5.05793159636135	6.34149446493294	2.08234356480641
TCGA-AR-A2LM-01A	4.556184077754629	5.30263369507724	5.6736846866653	1.38609728073996
TCGA-AR-A2LN-01A	3.9112767575103904	1.3396751504463	4.89699789434971	0.7756951623805111
TCGA-AR-A2LO-01A	3.9468052162045097	3.47136021759921	5.123945893833009	2.20072777356926
TCGA-AR-A2LQ-01A	2.87653761396398	0.9122301952681121	5.6346553830957005	1.9860817494161498
TCGA-AR-A2LR-01A	0.290465525841701	0.219868404835345	4.32684218063155	3.27414347940331
TCGA-AR-A5QM-01A	5.47108885277694	3.8359239447510203	4.87397693644464	2.08598292807554
TCGA-AR-A5QN-01A	6.2001257266922805	0.682897475970255	5.42313071247967	1.2447365439127
TCGA-AR-A5QP-01A	5.26360596198659	1.60664516360966	4.92622105589073	1.6180398484024199
TCGA-AR-A5QQ-01A	0.731421229064928	0.49403020973087897	3.4073179243168394	3.46222851226372
TCGA-B6-A0I1-01A	0.0880249204774257	0.00848249055634769	5.08942947224203	2.76007695542978
TCGA-B6-A0I2-01A	2.78880898643831	0.0768060108923251	4.532687013815309	3.2512134174315297
TCGA-B6-A0I5-01A	4.22420803685419	2.9660971984138196	5.899504438853099	1.84760077348407
TCGA-B6-A0I6-01A	0.100341279720548	0.141958454118202	4.25744288553577	4.18544043976607
TCGA-B6-A0I8-01A	4.11283461910416	0.24871005947213298	6.60333584748282	1.89141480776552
TCGA-B6-A0I9-01A	5.49686677354346	0.40039879103173504	9.89562853457225	3.87056197566943
TCGA-B6-A0IA-01A	5.31417264294056	5.162335770627781	4.879286039455019	2.5640380390731896
TCGA-B6-A0IB-01A	6.1937398521705305	4.49948374664845	4.49752474228074	3.8364117719859396
TCGA-B6-A0IC-01A	7.06524104093489	4.83699963186857	5.35802472496927	2.76357958139585
TCGA-B6-A0IE-01A	3.7841684541677703	4.81715451608667	4.34589091237991	1.50632432161419
TCGA-B6-A0IG-01A	4.819223958368839	1.33247487805171	9.10747289191978	3.59649067913423
TCGA-B6-A0IH-01A	4.66499901441475	3.26351648595677	4.9769099792928095	0.630112623296296
TCGA-B6-A0IJ-01A	1.17422685292047	0.572629500122839	3.67992080233331	5.068669743715031
TCGA-B6-A0IK-01A	2.7314955517231603	1.19365621602762	5.2961142141683	3.0340135982118195
TCGA-B6-A0IM-01A	6.608130924452221	0.950968091579437	5.74197375371939	3.86281169482996
TCGA-B6-A0IN-01A	5.297233057969049	0.17818753899620499	6.41623437634594	2.35917562098336
TCGA-B6-A0IO-01A	7.015308105576099	1.88737938176557	4.62485825414429	2.636691999508
TCGA-B6-A0IP-01A	6.36531641007953	3.2488565875486	5.56457476588446	2.23382580222526
TCGA-B6-A0IQ-01A	0.11608358879072599	0.0223004645618611	3.84153489719563	3.7902606532341006
TCGA-B6-A0RE-01A	0.9504576219992049	0.102194397921475	4.11629437321667	3.56061750323502
TCGA-B6-A0RG-01A	6.00120747872764	3.54468744371777	5.65253800698086	3.0185501400001202
TCGA-B6-A0RH-01A	3.82334070511102	2.5349551002261097	7.257494698439619	2.7243246352359103
TCGA-B6-A0RI-01A	5.463137113163719	5.718966284915051	4.67406948879727	3.76841300979858
TCGA-B6-A0RL-01A	7.11187797040766	0.9676243200773891	6.1439517711102996	3.2474609419333103
TCGA-B6-A0RM-01A	7.19810345954687	4.35216728967037	3.96840939445435	2.71998389101574
TCGA-B6-A0RN-01A	5.22682562857654	4.58519574624605	5.30754988941104	0.886136520499025
TCGA-B6-A0RO-01A	6.808095242825071	1.05584609594549	5.710086914067991	1.3930499832948
TCGA-B6-A0RP-01A	6.74454848895771	3.1310684762230294	5.4855121003899	1.6012742514723501
TCGA-B6-A0RQ-01A	4.420110730028901	3.90335758100023	5.3690017352398005	0.6356505433388481
TCGA-B6-A0RS-01A	0.144348130962436	0.18973256510270498	6.45961181927309	3.35081096075345
TCGA-B6-A0RT-01A	0.6150992840916839	0.665851682524467	3.89909263782946	4.33808560320311
TCGA-B6-A0RU-01A	1.2352647395998702	1.15636540597156	4.17730673678563	4.44166391746381
TCGA-B6-A0RV-01A	6.2140450806972405	5.03945406996179	4.57357226803658	2.95372915243258
TCGA-B6-A0WS-01A	5.842871705105269	3.48272828292084	4.51091302810945	2.91078283945713
TCGA-B6-A0WT-01A	5.09905449765785	5.2790166584813	4.874969685703469	2.84344046945031
TCGA-B6-A0WV-01A	6.95079921701597	2.7735128785690497	4.38147562752229	4.26715046884394
TCGA-B6-A0WW-01A	6.899189285262129	1.99139455729826	5.67094266998825	3.2175946827925097
TCGA-B6-A0WX-01A	0.21710318519691899	0.37932689188794605	4.27084111792301	2.08270294886553
TCGA-B6-A0WY-01A	3.6468178877394504	3.0371015380293596	5.40082044609074	2.00793359919337
TCGA-B6-A0WZ-01A	5.65066695703691	4.589890530458299	5.280806762181481	2.58191990267227
TCGA-B6-A0X0-01A	5.007923100596191	4.1870467954985	5.88506809008268	2.30013928734441
TCGA-B6-A0X1-01A	2.2750352083718903	0.10054818920503698	4.912215694018889	4.65411159905288
TCGA-B6-A0X4-01A	5.889848176969321	4.12834867396885	4.53394183046929	1.18061297783121
TCGA-B6-A0X5-01A	6.65778732513416	4.24256223589662	4.20156400821702	3.47292455159013
TCGA-B6-A0X7-01A	5.34320991931339	1.82975305096314	5.43121969731932	1.58700870619295
TCGA-B6-A1KC-01B	5.458976502202481	0.128752705819255	4.50265573039826	2.80719735838206
TCGA-B6-A1KF-01A	1.6443761635465401	0.0597317010951435	7.731923388819831	3.8900897948871602
TCGA-B6-A1KI-01A	6.68343834736884	2.47501660448461	5.856688006254211	1.1969891733775602
TCGA-B6-A1KN-01A	4.9143581824242	0.265465201592914	9.2588935999737	3.9099526318239
TCGA-B6-A2IU-01A	5.28840563131476	4.42457397342122	6.11496424890269	2.53683226411894
TCGA-B6-A3ZX-01A	0.596407266258212	0.131717011891226	3.7367499016018795	3.66171079488827
TCGA-B6-A400-01A	0.109078781034737	0.21671278341303601	4.40612129748658	3.9279386187827097
TCGA-B6-A401-01A	4.57442758932264	4.42921537570627	5.58265645076786	1.94898155391101
TCGA-B6-A402-01A	0.24866349697041798	0.0363452993056726	4.50562040134806	2.48375590737151
TCGA-B6-A408-01A	6.1375859083238	2.50113969087057	5.0984883371352	1.37588374303822
TCGA-B6-A409-01A	0.6725961903237601	0.431037089595769	4.57498505452301	2.2679803283675
TCGA-B6-A40B-01A	3.7677436628278196	3.1054278992232995	5.87877725388139	2.34629792903227
TCGA-B6-A40C-01A	2.8620253072949797	3.63086407744802	5.44316748481768	2.95295228251539
TCGA-BH-A0AU-01A	5.130997870131	3.9856435761087994	5.59884978733503	3.7065748128517697
TCGA-BH-A0AV-01A	0.191381848965939	0.159624130470097	4.21954964057395	5.1405542159113695
TCGA-BH-A0AW-01A	1.14322985456864	0.167618396561735	9.260285852820038	3.34508250211801
TCGA-BH-A0AY-01A	4.378729245938731	3.0835291862169503	4.2789695055256	2.97316950342523
TCGA-BH-A0AZ-01A	3.83783996818411	1.1586160503462	4.85356325141049	2.2892687127094904
TCGA-BH-A0B0-01A	4.48643870822091	0.759055273690325	4.2627709364411	2.18324761312519
TCGA-BH-A0B1-01A	6.201222812062171	5.205939269929241	4.891943689021059	2.16533601205612
TCGA-BH-A0B3-01A	0.619029378173266	1.07155623863603	4.46227065629385	4.808252627200191
TCGA-BH-A0B4-01A	4.9713212268884	2.5796440489057297	6.16368841264768	3.0351213588852595
TCGA-BH-A0B5-01A	3.7134916731986296	2.3407023759651095	5.17461195248504	4.2630713771424
TCGA-BH-A0B6-01A	5.114732608709089	0.243192054176053	4.33043555532156	1.8394591527342001
TCGA-BH-A0B7-01A	0.430682042246719	0.267910143377621	9.915721975765631	3.31230707587911
TCGA-BH-A0B8-01A	6.65676238300372	1.52911725016606	5.566050744412639	3.14662962604496
TCGA-BH-A0B9-01A	0.166399993802697	0.0267010398233708	3.0106646450018104	3.43880129789666
TCGA-BH-A0BA-01A	5.228515275018911	1.2508305454105701	5.25075576177145	2.4963044450465803
TCGA-BH-A0BC-01A	6.18932293988539	2.10024780116073	3.87367878320387	3.2926712350405003
TCGA-BH-A0BD-01A	4.3156453641676595	6.33175824102909	4.57258631006508	4.22637180213982
TCGA-BH-A0BF-01A	2.8482439900487595	1.96648689626813	4.01516597928317	3.3002915725145203
TCGA-BH-A0BG-01A	0.26366938568604303	0.0714296712158854	4.45703938092505	3.11267738630552
TCGA-BH-A0BJ-01A	4.52926738737869	4.24106723213308	5.3603609845468	1.9377459560267902
TCGA-BH-A0BL-01A	0.689609522923927	0.45217960903862	4.06987074069968	4.24415887013849
TCGA-BH-A0BM-01A	4.48924209054349	0.92173028893419	4.93724036749859	0.5668833047190551
TCGA-BH-A0BO-01A	5.325507557687651	2.7907228980929797	4.99196892808229	1.17849914179471
TCGA-BH-A0BP-01A	5.52356045255225	0.5352502948014171	3.97340613231175	2.02117008364304
TCGA-BH-A0BQ-01A	4.27156876298234	2.9224785278180097	5.79404530686575	1.72603510582564
TCGA-BH-A0BR-01A	2.69429924711688	0.246168220394946	4.8698273738447195	3.13636819481704
TCGA-BH-A0BT-01A	4.75568632539316	4.414279661773451	6.235735357548441	1.51530370785263
TCGA-BH-A0BV-01A	6.318003604711059	4.3181848716085	4.97483111777165	2.98731654107206
TCGA-BH-A0BW-01A	1.48586935826986	0.048117717195699	5.00683887042116	3.58598090566257
TCGA-BH-A0BZ-01A	4.75966592536852	0.26170866054676606	5.12937571931121	3.2254464740046203
TCGA-BH-A0C0-01A	5.51205612496024	1.7324977714714798	5.690701975502651	3.8451584167496096
TCGA-BH-A0C1-01B	4.941750697135371	4.2339762628743	5.29502145189583	3.63795571962143
TCGA-BH-A0C3-01A	3.9664943961912202	1.11806399481287	4.9200296128188	3.54567816437626
TCGA-BH-A0C7-01B	6.56470626796074	0.6811055098793121	5.735165735838421	4.89474552745707
TCGA-BH-A0DD-01A	6.07445747247934	5.80171773100891	7.50661043285288	5.08631737318371
TCGA-BH-A0DE-01A	4.7659872291317	2.55112608645138	5.83039955707212	1.73372800512912
TCGA-BH-A0DG-01A	4.00163990042065	0.6509831396014649	4.45868075964508	3.3594362029554903
TCGA-BH-A0DH-01A	5.60632769917076	3.2201504413672994	5.67986374381082	2.64020009478581
TCGA-BH-A0DI-01A	3.84569833807069	1.62542276702792	5.44826582246068	2.20734785974076
TCGA-BH-A0DK-01A	4.459778622550809	3.1790662153748594	3.95710318426853	3.55667878006385
TCGA-BH-A0DL-01A	2.9924757903814303	0.0571178154093837	3.4436999761215	3.9790414723446696
TCGA-BH-A0DO-01B	6.71334516640263	4.02024832531752	5.25425316188875	1.05203822126625
TCGA-BH-A0DP-01A	5.804019347184581	5.068069544565491	4.925197346712469	1.8399050963587498
TCGA-BH-A0DQ-01A	4.47143058092317	3.5768898898863304	4.41604353932576	2.46602240909395
TCGA-BH-A0DS-01A	5.26830806158547	3.20444932667745	5.227404920651519	1.48224972863227
TCGA-BH-A0DT-01A	4.83030254547845	4.78202847328725	5.389911111724429	2.16457693306652
TCGA-BH-A0DV-01A	4.79881629496537	1.87287249543445	5.23340409924824	1.4800283759770603
TCGA-BH-A0DX-01A	6.112815983142981	0.48532524607809796	3.94186092101794	3.1297771697296697
TCGA-BH-A0DZ-01A	2.99395463382792	1.64850598500232	7.831268893978	4.20183350405943
TCGA-BH-A0E0-01A	1.3498612422776801	0.13757415015917498	4.51886524588988	4.67052413147711
TCGA-BH-A0E1-01A	5.35944526347279	6.62571314497764	4.71747633819806	4.35701849621247
TCGA-BH-A0E2-01A	5.1047411045854005	2.5547866267956802	4.12770890801525	3.86938858700861
TCGA-BH-A0E6-01A	1.32072113243101	0.242600018612536	4.73041579084172	4.06744502907901
TCGA-BH-A0E7-01A	6.545085665960309	7.193311282810449	5.30503111540034	2.54102348579301
TCGA-BH-A0E9-01B	6.00784950990926	3.61535280437831	5.50595792627043	2.13106879596946
TCGA-BH-A0EA-01A	5.31621917196598	1.47101998310749	5.57316170247767	0.701645095334789
TCGA-BH-A0EB-01A	6.88116471299734	2.81379024143101	5.0860489933398805	2.05705223617069
TCGA-BH-A0EE-01A	1.1334456013071699	0.0240453538948256	7.6985905183086505	3.39689309504974
TCGA-BH-A0EI-01A	4.66931333822418	0.849975386355763	5.002182231567731	2.6938123594634
TCGA-BH-A0GY-01A	4.0150694225223305	5.28462703277383	4.643591073732701	2.68142988265748
TCGA-BH-A0GZ-01A	6.28562676834007	3.5029141411667104	4.95033931010074	1.43710305831624
TCGA-BH-A0H0-01A	5.695020452618881	0.306395278597336	5.36309636213186	3.20253512452298
TCGA-BH-A0H3-01A	4.89600480352435	3.1610675299005697	5.2269733734014405	1.61335131961099
TCGA-BH-A0H5-01A	4.47398501527812	2.1556863928361203	4.88754729356428	2.42151814738718
TCGA-BH-A0H6-01A	5.30272905274879	6.85265151600804	4.89189685714211	1.5956289549858
TCGA-BH-A0H7-01A	4.994677747281309	3.8375705641226	4.7985904928975	2.4823163232390697
TCGA-BH-A0H9-01A	6.37442527948393	1.3575714620749098	5.20526762484667	2.322771212638
TCGA-BH-A0HA-01A	3.70401134128685	2.80511259431511	5.04615510441186	1.9169310035906202
TCGA-BH-A0HB-01A	6.94139061507395	2.97679549644606	4.85592566339839	3.0823104865340603
TCGA-BH-A0HF-01A	5.7006017668927695	1.5908735953907298	4.72129269742745	2.35255748188255
TCGA-BH-A0HI-01A	6.448629034153349	3.6022381289814	5.318528130503919	1.8919039337921202
TCGA-BH-A0HK-01A	5.5550240955375	0.14212021152569101	5.35652501639725	2.2814797964810496
TCGA-BH-A0HL-01A	6.46699630018023	2.8203335167900896	5.433017021791461	3.2062867768309804
TCGA-BH-A0HN-01A	6.495051008086469	2.31839866755702	5.89235609133988	1.57506380197891
TCGA-BH-A0HO-01A	4.901101144907179	4.59232052889096	5.03380905282581	2.89311923750827
TCGA-BH-A0HP-01A	5.59405677850068	0.7780670683710559	4.872900948768731	2.85621389301552
TCGA-BH-A0HQ-01A	5.8563159940664296	3.8079456457676297	6.110489685830519	2.2231804949623397
TCGA-BH-A0HU-01A	5.07475814609359	1.963237972947	5.184052826989451	3.84508653325741
TCGA-BH-A0HW-01A	6.9433808798013095	0.0759131537092396	6.43560000427292	2.75878973363167
TCGA-BH-A0HX-01A	5.10217771505299	1.21747335982422	5.11657375311266	2.95902375542598
TCGA-BH-A0HY-01A	5.0337411586653396	0.265437716994197	9.547588881197528	2.30159869853425
TCGA-BH-A0RX-01A	2.11726128195486	0.92080744204458	4.11698773411121	3.02391909148356
TCGA-BH-A0W3-01A	6.928582111450241	3.54447390069947	5.89703706758644	3.6103911723206097
TCGA-BH-A0W4-01A	4.16894689942254	5.57494387605953	5.35954030044727	2.83896681215471
TCGA-BH-A0W5-01A	5.4286457295341695	4.39475818541542	4.47120584184584	2.14940864342184
TCGA-BH-A0W7-01A	2.8962385159479	1.44655375464944	4.28267901985851	2.7627057765661798
TCGA-BH-A0WA-01A	0.217557930166511	0.126784402092585	4.3047007103227095	4.25110880587593
TCGA-BH-A18F-01A	4.067429633527079	1.061788357976	4.09841934532242	4.11060093953583
TCGA-BH-A18G-01A	0.24493697838054002	0.0742450134997241	3.4846189728937103	3.30767417313587
TCGA-BH-A18H-01A	5.540080957454981	3.5272269960954703	4.449269162756929	2.32135799900925
TCGA-BH-A18I-01A	4.6207606393986795	2.31025211860953	4.5644171582239	2.79901542268879
TCGA-BH-A18J-01A	4.32865907875206	1.22268516671856	5.012728233625441	4.0496999137321605
TCGA-BH-A18K-01A	4.64217385325276	2.3193024202027597	4.75098072962328	2.85091138949531
TCGA-BH-A18L-01A	6.231268748626079	2.81286823585652	6.07075981316991	4.723872285411191
TCGA-BH-A18M-01A	4.73287394562076	5.44319470037606	4.67872974165649	2.80930481566891
TCGA-BH-A18N-01A	6.99355406966261	6.464655434923741	5.423545211410871	2.2375056876050294
TCGA-BH-A18P-01A	3.01135473476692	0.154922951698037	5.93257602619819	4.35888343290374
TCGA-BH-A18Q-01A	1.7746501079155201	0.9558066068012209	4.23995211180875	3.51526239783648
TCGA-BH-A18R-01A	2.532127699533	0.294365804849397	7.737093928322119	4.869122800814
TCGA-BH-A18S-01A	6.35280186827376	3.68013433888632	6.09053362802165	0.9313498767961099
TCGA-BH-A18T-01A	0.715658406017333	0.0654633067140661	5.00274514825007	4.71392115077116
TCGA-BH-A18U-01A	5.4179718213950006	2.72010533959732	9.27011001758272	4.29732841828806
TCGA-BH-A18V-01A	0.702761073898041	0.124683201839469	4.7400435100733604	4.7885390849174
TCGA-BH-A1EN-01A	0.99373392404089	0.0925632497526007	9.98072110425251	3.2773358757965805
TCGA-BH-A1EO-01A	5.520499200067331	7.03835164390607	4.5387686475934	2.32293363311801
TCGA-BH-A1ES-01A	5.352964878627991	2.5210242911544403	5.13889871763992	3.3024974350236405
TCGA-BH-A1ET-01A	6.54172910720748	4.8731411263897595	5.072440160089269	1.55813966624026
TCGA-BH-A1EU-01A	6.53906123406686	5.463388363742321	3.68609508714133	2.12315662951038
TCGA-BH-A1EV-01A	4.99727223335428	0.546566297057886	9.01123236656881	3.45996366583444
TCGA-BH-A1EW-01A	4.83192602933196	4.19599440168401	5.319295279426889	3.5694826619402797
TCGA-BH-A1EX-01A	2.5700927146224104	0.327751010361511	5.25799326301562	2.29078265464502
TCGA-BH-A1EY-01A	5.42553882439924	3.3839491080362203	4.50406310298606	1.94009560454131
TCGA-BH-A1F0-01A	0.7373936042101089	0.28750582045593204	4.0799050618483905	3.31135330710554
TCGA-BH-A1F2-01A	3.88119846394395	0.655430362463824	7.77725758847883	2.80937554059789
TCGA-BH-A1F5-01A	6.71670725523667	4.953346825570231	4.09053586100156	1.5177490004542602
TCGA-BH-A1F6-01A	0.553111912050796	0.10572812013430599	4.16954857361601	4.34569607136675
TCGA-BH-A1F8-01A	7.104246721460281	0.5167702697823929	4.94133174567513	2.73473081624619
TCGA-BH-A1FB-01A	4.97928299868808	5.70964844356954	4.64238161214331	1.7103373555996102
TCGA-BH-A1FC-01A	0.359083460430461	0.0724120305443225	3.38951348296085	4.8866780402087695
TCGA-BH-A1FD-01A	6.45558904644321	5.428225650205059	3.2927689675500296	3.57362347818243
TCGA-BH-A1FE-01A	3.61291655291123	3.86263085218168	5.11483586156404	3.7106808258968504
TCGA-BH-A1FG-01A	7.43852255610113	4.15271652850467	5.22853843138822	1.50495091027999
TCGA-BH-A1FH-01A	4.1290680542692995	2.2861734317868	4.16758205698093	1.8455144063167
TCGA-BH-A1FJ-01A	5.85216321799307	5.32624940276835	4.97807061866154	4.02465478390507
TCGA-BH-A1FL-01A	6.421536230058121	4.252917110261721	5.41946637436566	2.69894232642112
TCGA-BH-A1FM-01A	6.40234738983012	0.197039331601047	3.4803067958333997	2.65024871807556
TCGA-BH-A1FN-01A	3.8558448399061698	2.03563886091966	3.4592843845701804	3.3744350577013
TCGA-BH-A1FR-01A	7.345097673729629	4.222375576847	4.42413227866722	1.95233780100733
TCGA-BH-A1FU-01A	0.7858622452446459	1.6592714755068	9.14523078918741	3.85193009330391
TCGA-BH-A201-01A	4.56254970806186	4.5192612775584005	4.93979426965686	2.95878743007914
TCGA-BH-A202-01A	4.67753915350614	2.2690950244364	7.829464326370831	3.66932743118513
TCGA-BH-A203-01A	1.13426298005879	0.153107641643897	4.15429727260167	3.20175115210481
TCGA-BH-A204-01A	7.27917763848261	0.310961368426091	4.39255240604185	4.26409092538574
TCGA-BH-A208-01A	0.7707098950102099	0.530923236275866	4.62066774509513	1.95232493155228
TCGA-BH-A209-01A	4.682005140526719	2.8824108604563796	3.32243214739432	3.5490878822870497
TCGA-BH-A28O-01A	2.50562751008126	1.26018522638894	5.00324130787003	0.7066165053847719
TCGA-BH-A28Q-01A	4.97171375862574	4.474963942860031	5.59067149219738	1.5155133860938002
TCGA-BH-A2L8-01A	3.02931316342845	3.58931624708944	4.72613570459059	1.8599456639170802
TCGA-BH-A42T-01A	5.28781679651243	3.83402925080579	6.58350768579998	3.91000063342023
TCGA-BH-A42U-01A	3.2606520591450696	1.43704651578876	5.20353791589085	0.844756494113776
TCGA-BH-A42V-01A	2.7592768730135604	3.35274789917662	5.515509720110001	1.13851948838756
TCGA-BH-A5IZ-01A	2.67048750632538	0.0450238810359227	4.928736047776731	4.813423895388
TCGA-BH-A5J0-01A	5.4826708126290296	0.879694824834062	4.542041867199781	2.18937058046789
TCGA-BH-A6R8-01A	4.96551098568659	3.34918211599128	5.386787865137401	1.36834705342228
TCGA-BH-A6R9-01A	0.771318654657486	0.3752562924665421	3.4332686921948903	2.38483132572332
TCGA-BH-A8FY-01A	6.0265048842185305	3.61495591923361	4.89999216562519	1.9152332706898303
TCGA-BH-A8FZ-01A	2.5904194846177004	1.60736407714724	6.16379818153007	1.6409341362027299
TCGA-BH-A8G0-01A	4.19998594719392	3.1585505537416805	5.255341804469401	0.8350939865651881
TCGA-BH-AB28-01A	5.84297685196234	3.55106237396456	6.339524270736411	2.3756902049075097
TCGA-C8-A12K-01A	1.9321336603019599	0.0691476349777511	3.28737214475331	3.77932814899162
TCGA-C8-A12L-01A	0.958559382242263	0.0958502886562131	6.66325289413004	3.92260760438792
TCGA-C8-A12M-01A	6.87068726624152	0.433184708913074	6.003485083370481	2.59799999142218
TCGA-C8-A12N-01A	5.36959941790854	4.05661940683216	4.25696251414488	1.45003653601783
TCGA-C8-A12O-01A	4.615166506940231	2.9474833520178803	4.73131597374316	3.2783131327625297
TCGA-C8-A12P-01A	0.213450710691195	0.28151626590612894	8.15073757531607	3.51927432511927
TCGA-C8-A12Q-01A	1.1302093907736699	0.429001864529721	9.554912489931619	3.47544537427081
TCGA-C8-A12T-01A	3.23815169289744	2.7620872389044	7.75495097668849	4.6147662016933
TCGA-C8-A12U-01A	4.19076341592404	0.320468669869891	4.449251110531059	3.3166550011551403
TCGA-C8-A12V-01A	0.688734238978744	0.13918444693744	3.07505305115674	4.03298073461988
TCGA-C8-A12W-01A	4.10772117117081	2.09472867526074	5.498081688082481	3.7371483081470798
TCGA-C8-A12X-01A	5.83920019376458	1.92562414642963	4.574815145878981	2.83233342950427
TCGA-C8-A12Y-01A	4.57260467933727	3.2874511160179196	5.15548473629373	2.20747957673548
TCGA-C8-A12Z-01A	0.24920344752920198	0.105713798589211	10.879997094188	4.44285141859949
TCGA-C8-A130-01A	4.41488119987037	1.90562434321892	5.29373746554772	3.98226412557468
TCGA-C8-A131-01A	0.36633291405276597	0.15501147125319	4.398269991507901	3.3300866421497797
TCGA-C8-A132-01A	5.487291575613081	2.01504979438537	9.33650491502818	2.64325381604218
TCGA-C8-A133-01A	5.681765320131491	3.9735726691171496	5.02271690280272	1.24706164305948
TCGA-C8-A134-01A	0.3308398444393211	0.13558436718718	3.86966690300749	4.19361848635549
TCGA-C8-A135-01A	0.385604590379344	0.26695151496376895	8.869284250089038	4.05800627662929
TCGA-C8-A137-01A	1.3095499103793602	0.14814798559764403	9.436392129860801	4.15465480761976
TCGA-C8-A138-01A	2.21218195408555	0.17612989983710103	5.852186290515161	2.24738631154976
TCGA-C8-A1HE-01A	7.92617383726122	0.971438047097326	5.762271343435299	2.75708197636325
TCGA-C8-A1HF-01A	2.31358180565485	0.544897791804808	9.66522634111094	3.81371378536214
TCGA-C8-A1HG-01A	5.218623102904611	3.98371558380724	3.1043758231842102	3.2491220159809
TCGA-C8-A1HI-01A	4.731441765820009	1.9457747732109498	5.77304742991103	1.6004853738537401
TCGA-C8-A1HJ-01A	0.23807881725667202	0.105657614361459	1.7635304042240398	3.9928610255148196
TCGA-C8-A1HK-01A	0.755684892687723	0.144875591010295	9.341026565450118	3.4526876090771497
TCGA-C8-A1HL-01A	3.9248942222256202	0.231062484965724	6.3636203041513495	3.7357640534891097
TCGA-C8-A1HM-01A	6.670099529186599	1.51601498104469	4.48858454283997	4.3333082616512595
TCGA-C8-A1HN-01A	6.909270793295041	1.4074465528401798	5.618599442497339	3.6275681740681804
TCGA-C8-A1HO-01A	5.48462773064034	0.922100943973782	3.36526328697222	3.3390230053845205
TCGA-C8-A26V-01A	5.48970062999205	3.89935283519877	3.88704591310776	2.8346510808500405
TCGA-C8-A26W-01A	4.99177640175425	3.5692922710904904	6.456025874366209	2.9318527456812102
TCGA-C8-A26X-01A	0.547211763206327	0.19157785459500198	6.08199251106414	2.71133202883037
TCGA-C8-A26Y-01A	0.14766683256556398	0.071702884434281	4.48036644043955	3.96709622118757
TCGA-C8-A26Z-01A	8.06384113633316	0.285990995070075	5.87774755405483	2.66270185792495
TCGA-C8-A273-01A	5.30003009773565	1.97139919503167	4.32482110503352	3.12631165317313
TCGA-C8-A274-01A	6.69924392618324	0.447968530682407	5.46179342137603	3.4892221620115698
TCGA-C8-A275-01A	0.568049406548932	0.117716324030225	9.88824874673155	5.0026281768006
TCGA-C8-A278-01A	0.6854607056569398	0.23506570064116697	8.34210716886524	3.52255864320189
TCGA-C8-A27A-01A	4.84293928924965	2.48335192383465	4.1876100314097595	4.95954058933915
TCGA-C8-A27B-01A	0.880165703983878	0.0433668047330875	2.76584000279662	5.379975859123911
TCGA-C8-A3M7-01A	2.18683740085533	0.705889270682745	4.47334443257023	2.2119531003910096
TCGA-C8-A3M8-01A	6.418314991586139	0.259518097614869	6.48091273668794	2.0438307930221002
TCGA-C8-A8HP-01A	0.25922954146488897	0.0963939538222027	9.7036249581731	2.2866692522431897
TCGA-C8-A8HQ-01A	3.2618326638416297	1.3385857137711799	5.13432634509752	3.20595592071025
TCGA-C8-A8HR-01A	3.16265827001577	1.58162022462177	4.65923475167288	2.6816864283259703
TCGA-D8-A13Y-01A	3.80139416491521	2.16472820433569	2.3324235907659503	4.96840323254903
TCGA-D8-A13Z-01A	0.264386629800186	0.23767263164692398	4.28883918888055	5.2882722620815805
TCGA-D8-A140-01A	6.24144404225174	0.41464793407839096	6.22112024503986	2.68914476063622
TCGA-D8-A141-01A	3.9987965307361097	3.85827050922733	4.86764584366372	2.4963163893761
TCGA-D8-A142-01A	0.3520481652381551	0.37627052320149296	4.90465773503141	2.5045568558842204
TCGA-D8-A143-01A	0.0926365666408217	0.0600706217039193	4.241503817930001	5.0502218850646505
TCGA-D8-A145-01A	5.97280262708079	0.7697872519515191	5.01103038255488	1.97799965103082
TCGA-D8-A146-01A	6.382832205311461	4.12656020076679	4.40908714512257	2.13384808062668
TCGA-D8-A147-01A	0.148035716070713	0.0872103292915499	4.40229252266779	4.1470667351021895
TCGA-D8-A1J8-01A	6.43051707207583	0.439433821036429	3.10064243755621	3.62818665320055
TCGA-D8-A1J9-01A	3.45460857045236	0.30812416191420505	9.846103617822079	2.89358668355223
TCGA-D8-A1JA-01A	0.571113115539839	0.0967194373276345	8.43187299585085	3.0346287323668997
TCGA-D8-A1JB-01A	4.93934457666987	0.9491279056662699	5.55560837790716	1.18177121192406
TCGA-D8-A1JC-01A	6.59035339607679	1.9183820388906399	4.91952846820168	3.33305391933486
TCGA-D8-A1JD-01A	4.78212762509624	3.30356026309057	5.22891088732656	4.30868693168584
TCGA-D8-A1JE-01A	6.88023993375638	4.44842913520524	4.16216526423733	3.3029992699716497
TCGA-D8-A1JF-01A	1.28363776677044	0.17098678373316298	5.27012357581658	2.5006816972437402
TCGA-D8-A1JG-01B	0.44540111833254203	1.66303531419696	6.653093542757209	4.26068303061021
TCGA-D8-A1JH-01A	5.42764446837114	4.86109067232683	5.08075872167471	1.8803793370074902
TCGA-D8-A1JI-01A	5.7868781571858205	6.00806421664227	4.87493223616391	1.12900102656424
TCGA-D8-A1JJ-01A	5.671410180042581	0.735790060380874	3.73771748626158	4.08550692408036
TCGA-D8-A1JK-01A	0.511471046460672	0.8149382261410341	4.60958797349789	3.0328162357995896
TCGA-D8-A1JL-01A	0.753165673149326	0.18015333261281	3.65035259383085	3.72248497238097
TCGA-D8-A1JM-01A	2.77405853029738	0.0132181932635508	4.72789190236615	4.90508416645067
TCGA-D8-A1JN-01A	6.589463760300781	0.113325216437486	5.1024377984661	1.12646978593872
TCGA-D8-A1JP-01A	6.62951013962271	0.6675214977477789	4.492758373567249	1.93548806304478
TCGA-D8-A1JS-01A	5.8869746430804595	4.957768134910549	5.82738239254526	1.01858468164372
TCGA-D8-A1JT-01A	6.69357653520339	5.31270836030892	4.44954588962443	2.33274798055619
TCGA-D8-A1JU-01A	5.60760291789827	1.6859575050306699	5.12169570609941	0.6160201363787211
TCGA-D8-A1X5-01A	6.79783355164966	1.09172359248076	7.81886686145237	1.9374222068093
TCGA-D8-A1X6-01A	6.505259244313541	5.1537297759005	4.81421013240127	2.75383031535366
TCGA-D8-A1X7-01A	6.43850669728552	5.483674259983441	3.34254381632554	2.9392624339566296
TCGA-D8-A1X8-01A	7.1448702783653895	2.0809685598936696	5.49635976783057	2.7316072799487503
TCGA-D8-A1X9-01A	6.30894736920984	1.96230802418333	5.942900006315429	3.122171785678
TCGA-D8-A1XA-01A	6.85157547476387	4.83430157353446	5.183946219247	2.74715316360659
TCGA-D8-A1XB-01A	5.84591761744757	5.806117769322681	4.918556544210849	2.59718956221545
TCGA-D8-A1XC-01A	8.01663852122996	5.109520503309111	4.07249070049843	2.14634353187222
TCGA-D8-A1XD-01A	4.971592608287049	3.9133683482386803	5.651876880669239	3.03598101473315
TCGA-D8-A1XF-01A	5.600207078720829	0.282528248820972	5.46130570344488	3.77589515398725
TCGA-D8-A1XG-01A	7.11541726208873	4.95292441381351	3.91731297026893	2.97671687339096
TCGA-D8-A1XJ-01A	5.3453758150233295	0.34843001402687795	10.2439248925459	4.46421195890829
TCGA-D8-A1XK-01A	0.11169442163672501	0.0165016031313813	3.80325899739932	5.400606668567691
TCGA-D8-A1XL-01A	2.85210063164963	2.23543617122864	6.24455059019324	2.9648381388612504
TCGA-D8-A1XM-01A	4.79351860919267	4.83672252795861	5.92022704494954	3.39363303845873
TCGA-D8-A1XO-01A	6.41664618986304	2.04209850750921	5.06201910838542	2.30878924135254
TCGA-D8-A1XQ-01A	0.21535884517382	0.101060582619107	4.2015145772597995	3.74438510199184
TCGA-D8-A1XR-01A	5.38680691311916	4.931639265725731	4.7588107433242195	3.3381532438218
TCGA-D8-A1XS-01A	5.39515031720898	3.68369365026066	5.8903308564518495	3.43985375803936
TCGA-D8-A1XT-01A	0.3629834250873979	0.163515975507313	9.35940351311651	3.82700395863334
TCGA-D8-A1XU-01A	6.55538958371054	2.3251252834545295	4.40976675915193	1.76891245470187
TCGA-D8-A1XV-01A	7.5058044554463	5.13754919699487	3.6577556916154905	2.1976888142053603
TCGA-D8-A1XW-01A	0.39284614856857003	0.149478064396636	4.436226052797839	2.6302225453570602
TCGA-D8-A1XY-01A	5.334044643434701	5.12194518569434	5.414405152615809	1.1482640441302399
TCGA-D8-A1XZ-01A	3.95380656386078	0.27304649450338503	3.9768275153938597	2.66552326213658
TCGA-D8-A1Y0-01A	5.734032711630159	4.10966281684309	4.44622554026707	3.89643175305831
TCGA-D8-A1Y1-01A	5.24890534603097	4.83504073826475	4.94269328171919	3.57643179192486
TCGA-D8-A1Y2-01A	5.254887065060281	0.5357442620069249	5.33088522140991	2.47057520037652
TCGA-D8-A1Y3-01A	4.26466571429913	2.04971243623646	5.12367704665499	3.5453545404561297
TCGA-D8-A27E-01A	7.601724382584879	0.571236414881967	4.88590217545745	1.20741361423395
TCGA-D8-A27F-01A	0.23563394512122698	0.141659828693479	4.33430869926166	4.64476164776494
TCGA-D8-A27G-01A	4.32363461455501	0.302707963110153	6.56842436559953	2.7547084183995096
TCGA-D8-A27H-01A	0.20487909257127804	0.175144781526632	4.490078047339201	4.27533606243081
TCGA-D8-A27I-01A	5.19687343065017	3.0034213901739504	4.8037641436551795	1.89680866562662
TCGA-D8-A27K-01A	5.004314556280759	3.9061871562416397	5.6458773054504405	1.8379575938313502
TCGA-D8-A27L-01A	4.92062824811316	5.0458007495675306	4.90751692127764	1.97781016968707
TCGA-D8-A27M-01A	0.8132482238778721	0.217129204878413	3.6184489207758497	4.1664230426680495
TCGA-D8-A27N-01A	3.39622749946932	0.435279477043856	7.9646208784235295	2.90797046430334
TCGA-D8-A27P-01A	3.51996908845658	3.0236151670385296	5.78249857440716	2.11990088803341
TCGA-D8-A27R-01A	4.4844274737059004	1.3869142403013301	5.309199887376019	3.1223731688589598
TCGA-D8-A27T-01A	6.1838996198238805	4.68429730158334	5.5528859222776195	2.67787155492929
TCGA-D8-A27V-01A	6.21875248688423	2.22551312626409	4.701226991293121	2.06206575803155
TCGA-D8-A27W-01A	5.10996303191077	0.684551969551933	5.76882871617846	3.6854450198761297
TCGA-D8-A3Z5-01A	4.52065525345688	3.7661756633954604	6.190091108925719	1.1432168248177301
TCGA-D8-A3Z6-01A	4.43225388395526	4.1728468569896	5.27589778868416	1.6626019953949698
TCGA-D8-A4Z1-01A	3.2581820335536498	3.38177680969953	5.45335357899688	1.16766049293966
TCGA-D8-A73U-01A	4.15588834167729	3.39924456468755	4.12605798732609	1.33336568229349
TCGA-D8-A73W-01A	5.325351911831599	0.10889478667812699	4.894768284618469	2.31825937074712
TCGA-D8-A73X-01A	5.876894659932411	5.425584315875981	5.00588141785796	1.63036069924201
TCGA-E2-A105-01A	6.914552474742139	1.82067812407775	5.48876091054335	2.82629835229444
TCGA-E2-A106-01A	5.97013978294986	3.33561051823139	5.61196910786332	1.9704901889951798
TCGA-E2-A107-01A	5.569049258037911	0.3833809298703039	6.05122965468687	3.50094525739502
TCGA-E2-A108-01A	3.64499073644502	1.90239804849601	3.83322819377097	2.5500972310437002
TCGA-E2-A109-01A	5.948917150505481	0.136867896970704	5.75606457431638	4.415764691781599
TCGA-E2-A10A-01A	5.76209083980525	3.30284375006161	4.9345925327060005	3.75075386631392
TCGA-E2-A10B-01A	6.278923737017831	2.5922898180620297	4.6870128451780495	2.7144777051631404
TCGA-E2-A10C-01A	5.686738824324389	0.12237079544185601	5.1604040002483	2.29423896581785
TCGA-E2-A10E-01A	6.94830671763755	1.39103174385627	5.450077187689081	2.8373817357191897
TCGA-E2-A10F-01A	4.71204164935499	6.321824254713531	4.88105666895607	2.6327990393163
TCGA-E2-A14N-01A	0.159949473181412	0.24252396742156196	2.8212938092656703	4.863353850517361
TCGA-E2-A14O-01A	6.44661665401147	5.34297464276423	5.28016841053988	2.9906644415368
TCGA-E2-A14P-01A	0.4628356187805471	0.16022626451953798	9.76931425767026	3.86505445261302
TCGA-E2-A14Q-01A	6.82116711994628	4.03062864123868	4.64766219215751	2.46351117050625
TCGA-E2-A14R-01A	0.126620347901687	0.0158908597419845	4.51809915442868	3.50980272705778
TCGA-E2-A14T-01A	5.8566759724632	0.628224880689103	5.54420676644974	2.9164930966034
TCGA-E2-A14U-01A	5.53597914840199	4.11603349306524	5.988979758357531	0.312708217510574
TCGA-E2-A14V-01A	3.74194365835228	2.8935004399743502	8.529753946679099	4.90312659183937
TCGA-E2-A14W-01A	5.68274397965035	3.95915195433113	5.322290807948161	2.28565613776981
TCGA-E2-A14X-01A	0.904714815598319	0.147028351378761	4.29337954837105	3.3945787366571896
TCGA-E2-A14Y-01A	0.885539032757396	0.0479406617329843	9.26533345678811	4.66173503808683
TCGA-E2-A14Z-01A	4.96038259410291	3.91244455629073	4.38708551373073	3.16047942474209
TCGA-E2-A150-01A	0.464184925699233	0.113604731664619	4.26831717464526	2.94447857572235
TCGA-E2-A152-01A	1.4913060163705802	0.240308952219042	10.3323186126724	3.01484874007613
TCGA-E2-A153-01A	4.1252516761322005	4.13919934608186	5.5791924457179904	1.7898314005985
TCGA-E2-A154-01A	6.451680342851059	5.98921766486663	5.34941477818958	3.1750744244076605
TCGA-E2-A155-01A	6.7127141660309695	0.41901782542730504	6.361105150802031	4.21207269640184
TCGA-E2-A156-01A	7.39725861537667	6.03556780468363	5.78277334858273	2.53877830105389
TCGA-E2-A158-01A	0.0272718586506949	0.0157759453604905	4.61397432292713	2.4977790732934504
TCGA-E2-A159-01A	0.9205459851915501	0.11220871280501599	4.24666045621856	3.6870881297983904
TCGA-E2-A15A-01A	4.56065732196999	2.16540999079321	5.40293205908276	3.9401361445028997
TCGA-E2-A15C-01A	6.17436415285216	5.10279639041729	5.7242023545161995	1.8234109753682899
TCGA-E2-A15D-01A	4.33280346637414	4.35693286685904	5.38501647159825	1.1704444725372
TCGA-E2-A15E-01A	3.5039301571114905	4.18008505677697	6.53974296863518	2.2521618220494597
TCGA-E2-A15F-01A	6.72582765342311	5.14043502150932	4.99231024100598	3.0674733511789305
TCGA-E2-A15G-01A	6.50970748867161	5.81454352795948	5.257225470933211	1.90858403917224
TCGA-E2-A15H-01A	4.23876999720476	2.20277251718723	8.27998677635157	3.5035516324717797
TCGA-E2-A15I-01A	5.5593011885814105	3.6836777525536	5.35781566402544	0.8778724475324928
TCGA-E2-A15J-01A	4.17590133835185	2.86242368190669	5.68381688189339	2.74086392864437
TCGA-E2-A15K-01A	5.74708902882508	0.5131233323423869	5.3213168083107	3.4791219172985
TCGA-E2-A15L-01A	5.66981021826205	3.71298294349864	5.23609129324195	3.3967171541777796
TCGA-E2-A15M-01A	5.18018539776544	2.95374323096475	5.635553703716919	3.64248740244245
TCGA-E2-A15O-01A	6.1524615098415305	3.69229765163655	4.7164422612325	3.1990614643611606
TCGA-E2-A15P-01A	5.92142661883191	0.9824913852860591	5.90906490738363	1.32934551775852
TCGA-E2-A15R-01A	6.822299959499661	1.08314248943811	5.4288905284702995	2.9447993898401297
TCGA-E2-A15S-01A	5.447756978522571	0.183770657672357	5.23905444337894	3.3414763174049904
TCGA-E2-A15T-01A	7.10715368965819	0.8225151845659971	5.79250903041997	3.8284608617992903
TCGA-E2-A1AZ-01A	0.627998266221212	0.435205938624393	4.46105602105237	4.947690072936981
TCGA-E2-A1B0-01A	0.19866970941452303	0.35000040821755496	9.20027750677979	4.333805388760751
TCGA-E2-A1B1-01A	2.13263220473786	1.63031901397477	6.836755559547781	3.02794559330682
TCGA-E2-A1B4-01A	6.5071667575455905	4.4586382581038	5.716406505282331	0.975687730205888
TCGA-E2-A1B5-01A	2.2657805520731	0.512341385828911	3.07278616536978	1.85736040462596
TCGA-E2-A1B6-01A	0.403479667074769	0.622212633429028	3.80090778830741	3.04123401052884
TCGA-E2-A1BC-01A	4.73398875550138	3.67614432762981	5.5431857914570495	0.7608565652738309
TCGA-E2-A1BD-01A	5.6364197849452005	4.525644203643201	4.83068712572989	2.3803206308454703
TCGA-E2-A1IE-01A	6.05603970724473	1.81682276724376	5.60601781280194	2.3979170976471003
TCGA-E2-A1IF-01A	5.25028455383206	1.97192174251481	4.631601141915009	2.26791822740045
TCGA-E2-A1IG-01A	4.955724095305929	1.5093440227403199	5.41362935725277	2.59446077739094
TCGA-E2-A1IH-01A	4.83992707901492	2.58247247467061	4.78253735022923	2.7799016101675
TCGA-E2-A1II-01A	0.18042107112229802	0.24028182282355104	3.4613626980579	4.42327402795195
TCGA-E2-A1IJ-01A	4.8730356891744195	4.4101498892401	5.651752032398799	1.68417233363437
TCGA-E2-A1IK-01A	6.984416995000339	3.7284046293257997	3.23716479457444	1.7715598521833402
TCGA-E2-A1IL-01A	6.027414025885731	2.0002769651498	5.57282046024531	1.99277271448143
TCGA-E2-A1IN-01A	6.16672379949669	4.77837840111332	4.86084974053103	1.4274776787112
TCGA-E2-A1IO-01A	4.35162373894592	3.07451054845173	5.43838216249295	2.35491481823734
TCGA-E2-A1IU-01A	6.70482367388425	4.06391534967937	5.724670582424951	1.9072336614468102
TCGA-E2-A1L6-01A	4.649904647670191	5.583894401333589	4.82485205169192	2.49648484043497
TCGA-E2-A1L7-01A	4.7232995853608895	4.373289070713859	3.3032175795094596	4.257856084738689
TCGA-E2-A1L8-01A	5.25423982457324	4.18469493917169	4.753790890629441	1.7255784742701399
TCGA-E2-A1L9-01A	5.164406025313331	3.0049670595520497	4.587190732123309	2.07686490120758
TCGA-E2-A1LA-01A	5.3578957936376606	0.7532454856040491	5.659215505547429	3.06960056782045
TCGA-E2-A1LB-01A	0.565790183378269	0.144610230614474	10.353317985635199	2.6923606370155198
TCGA-E2-A1LE-01A	0.38886330856447204	0.134594934481261	9.69421591220794	2.92139727270329
TCGA-E2-A1LG-01A	0.0401238057905005	0.00722768638158239	5.7347720884842195	4.05042448212835
TCGA-E2-A1LH-01A	0.398269874920061	0.0729486594445902	4.5510878885335195	2.8975415095169996
TCGA-E2-A1LI-01A	0.4739373199297679	0.0453576387590477	4.742504358614959	3.63379965892722
TCGA-E2-A1LK-01A	0.5345065698131211	0.008053457639395991	5.36356786436444	3.0223666720299702
TCGA-E2-A1LL-01A	1.46090872406921	0.651822104523662	3.9183587283579904	4.78205282563847
TCGA-E2-A1LS-01A	0.297018368467858	0.24728320021333103	3.08211446642508	1.76184047846963
TCGA-E2-A2P5-01A	4.8979523373632095	3.6690358671681804	4.4750977472599605	3.87542732059834
TCGA-E2-A2P6-01A	6.279729639264571	0.327759192525124	5.58279314454863	2.85982917487387
TCGA-E2-A3DX-01A	4.74381149064688	4.16296455547206	6.82338284337785	1.72845684087798
TCGA-E2-A56Z-01A	6.324271792290679	1.2033940408221	4.975255625786639	2.1795569283581697
TCGA-E2-A570-01A	4.498001607143969	3.93615872620746	5.18590067909899	1.81374755726528
TCGA-E2-A572-01A	4.01381446156612	0.8020766989088659	5.8145537781617405	1.1196914133816
TCGA-E2-A573-01A	0.172214390801553	0.0808263307456886	3.8706167689280404	3.3957225236854702
TCGA-E2-A574-01A	0.0512101509937148	0.0242261240079344	4.51052988425181	2.40396434094073
TCGA-E2-A576-01A	5.818633655229941	2.6449740609229	5.957725018822581	2.7759010679278906
TCGA-E2-A9RU-01A	4.46937220854216	0.568122276856583	4.9395021725254695	3.4918825355356096
TCGA-E9-A1N3-01A	7.14721651661309	2.02648785962942	5.06315498923867	2.74692308527027
TCGA-E9-A1N4-01A	3.61661816782544	4.73517550240688	4.34921812319012	3.23755193960753
TCGA-E9-A1N5-01A	4.635887947120589	4.5332653679811	3.95463181985997	3.4458533187621496
TCGA-E9-A1N6-01A	5.20603734928522	3.2202248515665097	6.193302107262619	4.2809261587412
TCGA-E9-A1N8-01A	0.0439036353598298	0.0352896811728079	3.72225662693244	4.09295514663409
TCGA-E9-A1N9-01A	6.17883035909486	0.55555088047658	4.3281081462396696	4.39833820701589
TCGA-E9-A1NA-01A	5.330368034879309	0.29699569280896504	4.47554126839529	3.14667228304623
TCGA-E9-A1NC-01A	0.158621209694652	0.11437941655668199	4.21088398681162	2.29550781126169
TCGA-E9-A1ND-01A	1.30252231104766	0.0747545666607935	3.83996033217614	3.78475959579169
TCGA-E9-A1NE-01A	4.14578668659297	1.4456651677116201	4.42053378832704	2.7296558060154106
TCGA-E9-A1NF-01A	5.921896829162931	0.906137149473871	4.394309929518561	2.3949770830262698
TCGA-E9-A1NG-01A	3.5246574256838703	2.48358975038615	4.6804941106554105	2.14597285517306
TCGA-E9-A1NH-01A	5.95344765275612	1.34230328756926	5.32794483995041	1.4988367822158999
TCGA-E9-A1NI-01A	6.1100963241502795	2.00765191059292	5.0328312154616395	2.88978426607362
TCGA-E9-A1QZ-01A	5.15946104422229	2.9045451626379197	5.14084506450744	2.5475069095232903
TCGA-E9-A1R0-01A	4.95409099484762	5.6044722705789605	5.36157524983187	2.6451738575855295
TCGA-E9-A1R2-01A	5.11026969849924	0.147908897028024	5.845355882117371	1.96168811871618
TCGA-E9-A1R3-01A	4.22702537296081	2.33819981034531	4.51380198097154	0.0830018341802979
TCGA-E9-A1R4-01A	5.117666252419	3.5021846577708198	4.62127751649603	3.27218034055573
TCGA-E9-A1R5-01A	5.83626911331754	4.52280098742984	5.836415032836781	1.9796349121143002
TCGA-E9-A1R6-01A	7.2058914370660805	4.41268081362101	6.21298063612888	2.7142530154517597
TCGA-E9-A1R7-01A	7.85481574573993	1.26646550364428	5.549215622481429	3.35528058676771
TCGA-E9-A1RA-01A	4.70976076071568	4.12639437511479	4.9253195741647895	2.43390384530752
TCGA-E9-A1RB-01A	4.73440794978228	3.27990127434937	3.4357996801906605	4.09691528874757
TCGA-E9-A1RC-01A	6.9366011916441295	4.36550623287597	4.87217535674945	3.1661356127128197
TCGA-E9-A1RD-01A	7.03107043246414	4.903343359061839	4.9368138438088	2.4237842158141603
TCGA-E9-A1RE-01A	7.09935276548562	2.9816740401662702	5.892478416419929	3.4555017887711297
TCGA-E9-A1RF-01A	4.96871200553989	0.5801810259767121	5.66751257239398	2.59041022186317
TCGA-E9-A1RG-01A	5.770934227154	3.0639449583601404	5.34244260700076	2.7742239909451802
TCGA-E9-A1RH-01A	0.51346438348598	0.20813161309939898	4.43242580655679	3.58322188755812
TCGA-E9-A1RI-01A	3.8153689943697704	1.4255093306523001	5.755277302469191	1.58121121497659
TCGA-E9-A226-01A	5.37890131843766	4.30190942650195	4.184341147037561	3.1099431738876198
TCGA-E9-A227-01A	4.7892558119183795	3.7238774891485202	4.50100627332646	2.22281803328731
TCGA-E9-A228-01A	6.73713309845125	0.172193395058268	7.180771108727231	4.474784336460901
TCGA-E9-A229-01A	3.86651136311254	4.3029388496742005	4.93534297649515	3.02518739535474
TCGA-E9-A22A-01A	3.5965024943188304	0.502279720238886	3.6075397510793703	3.8148442658052795
TCGA-E9-A22B-01A	5.57403060745533	0.28936696378946997	4.98623771610016	1.9896434538824699
TCGA-E9-A22D-01A	4.467967496088599	1.64958337202827	7.53746255928261	3.53781665480268
TCGA-E9-A22E-01A	5.17647548552271	0.903367127132225	3.4242785779941203	2.15081753201654
TCGA-E9-A22G-01A	0.54871672339903	0.0295561230430811	4.08608544357769	5.27924121333774
TCGA-E9-A22H-01A	6.04307436871579	5.397790197743161	4.8339710103975895	3.8315895608764796
TCGA-E9-A243-01A	0.8388002514854491	0.148387517520136	3.09620594513206	4.16318672441266
TCGA-E9-A244-01A	0.37483703542530394	0.126296948695405	4.874184454730099	3.1858337942064905
TCGA-E9-A245-01A	4.4820740524725196	3.98383720758216	4.76823190172179	2.26651926240979
TCGA-E9-A247-01A	7.138913053255201	4.93139426571777	5.343096252993631	2.10829966098983
TCGA-E9-A248-01A	1.02726669909156	0.126143052171376	4.7494615289205	4.1290793636791
TCGA-E9-A249-01A	5.4952535041693	6.22580142198344	5.53235932359626	3.06727060203806
TCGA-E9-A24A-01A	6.981779536742719	4.3761403711574	4.41177167133028	2.5240782428896402
TCGA-E9-A295-01A	4.178670750697471	2.94401335617616	5.14235989920349	2.28547048141713
TCGA-E9-A2JS-01A	5.52233189642138	0.924304368068721	5.733835411149959	3.42102856244269
TCGA-E9-A2JT-01A	4.20147871955624	0.38267938970491105	3.15969634222254	3.0849073631328396
TCGA-E9-A3HO-01A	4.81330078702487	2.84095238342997	5.15334529414789	2.60420834838789
TCGA-E9-A3Q9-01A	5.585325053388179	5.72902849220368	4.0381225284592	0.83375855005913
TCGA-E9-A3QA-01A	2.10513616135019	0.187885637249703	4.16372507079044	3.2636358987690097
TCGA-E9-A3X8-01A	3.80084287003175	3.7214284774558597	4.7646930382301305	1.9093085811564499
TCGA-E9-A54X-01A	7.027478146487559	5.0840614468920995	4.61456611063118	2.08537071760225
TCGA-E9-A54Y-01A	6.25372746479072	2.04513921113932	5.9514847737066106	2.9562271177211703
TCGA-E9-A5FK-01A	4.523304605532879	3.0811998656816	5.0988240137122105	1.21478683623138
TCGA-E9-A5FL-01A	1.6794720293746999	0.0108444070786816	4.14727994161957	2.94779145575715
TCGA-E9-A5UO-01A	5.65354066153587	3.5032119598263995	6.0812562967708805	2.57612528280266
TCGA-E9-A5UP-01A	6.0506886717011	0.236635093648749	7.196595618307951	1.16187100604493
TCGA-E9-A6HE-01A	4.99004855059003	3.4036332498626103	5.91966243479233	2.56884170841317
TCGA-EW-A1IW-01A	5.69218896511894	4.2998553753808	9.03175299755859	3.17620852754511
TCGA-EW-A1IX-01A	4.40176234768578	5.35059895624578	5.690254849547009	1.53844957924575
TCGA-EW-A1IY-01A	4.548867005469781	3.6542802592448997	3.45145180022654	2.7631367339510797
TCGA-EW-A1IZ-01A	4.50760507251834	0.193988943388544	5.08515977993439	2.64347993477148
TCGA-EW-A1J1-01A	5.8070639920044504	5.00597914438783	5.24384177920654	2.30932768939579
TCGA-EW-A1J2-01A	5.553289297982791	3.16828057281043	5.86728053931443	1.27886081050155
TCGA-EW-A1J3-01A	5.425329847725299	3.24035506988779	8.043491552600159	2.4331407313954703
TCGA-EW-A1J5-01A	4.97987330901752	5.029537529691241	5.73507820626176	3.23527118832964
TCGA-EW-A1J6-01A	6.63211229681908	3.0485051069307403	4.18806132591486	1.77243557232385
TCGA-EW-A1OV-01A	0.277276300547166	0.035986116464826	4.8003915031919195	3.7931358466577594
TCGA-EW-A1OW-01A	0.111082440264703	0.223659180462348	4.403276556795579	3.53357875796736
TCGA-EW-A1OX-01A	5.83426936622926	1.8996995399709902	4.9754698883371695	2.78102292773262
TCGA-EW-A1OY-01A	6.67901669874939	3.53606472167492	5.47004267365157	3.36356682214512
TCGA-EW-A1OZ-01A	3.8699763925056603	0.30505651990350796	9.43325102142093	3.1205228947710495
TCGA-EW-A1P0-01A	5.02910489376808	0.147181687422117	1.75073689856857	2.7744295854114998
TCGA-EW-A1P1-01A	1.9910491086828301	1.8165916936962199	4.60321168826384	2.30969378523232
TCGA-EW-A1P3-01A	5.413232773222459	3.5765066956711	5.9528525772620595	2.77273392558766
TCGA-EW-A1P4-01A	0.273680311429454	0.0523626624987246	4.03540032197143	4.909947756794231
TCGA-EW-A1P5-01A	6.7248301137857105	5.627070470478509	4.588092506894349	2.2724883739518704
TCGA-EW-A1P6-01A	6.4719620176060095	6.54357042867487	4.990181810837269	2.50451392908869
TCGA-EW-A1P7-01A	1.5066779292686998	1.1800544949290601	5.41227468758801	2.26220953026267
TCGA-EW-A1P8-01A	1.03908140003991	0.28143531235925606	4.17015744917634	4.4207709053867195
TCGA-EW-A1PA-01A	6.5860252197738705	0.821561204170635	4.3290371122939595	3.03777924797731
TCGA-EW-A1PB-01A	0.394750164402439	0.00772432802722675	4.20229149435612	3.58120358385518
TCGA-EW-A1PC-01B	4.43407998899371	0.6023111892491689	5.64850316625366	4.725411573253409
TCGA-EW-A1PD-01A	5.58983519135329	1.1037432737405801	6.343220596626099	4.1478496284808
TCGA-EW-A1PE-01A	6.68228920704061	3.1565471338733704	5.01095315107844	2.78465500279824
TCGA-EW-A1PF-01A	5.9062578540536705	1.5767435445308602	4.75101638251238	2.7940954271884304
TCGA-EW-A1PG-01A	3.80909409517644	2.9997570503995603	5.19461579025198	0.9757234483626659
TCGA-EW-A1PH-01A	0.10242451779002301	0.123937436859568	5.006026659470151	3.8390273648307995
TCGA-EW-A2FR-01A	0.725338813988923	0.443285461293363	9.71830626833297	2.54845644846794
TCGA-EW-A2FS-01A	5.093931699584241	0.39853567170296006	5.1857369938362	1.6972955399586898
TCGA-EW-A2FV-01A	4.1484500137993	2.40566902416308	4.92085720333983	4.19145902072538
TCGA-EW-A2FW-01A	6.35793852201232	1.51992285132322	5.4758964027602195	3.76969272773491
TCGA-EW-A3E8-01B	3.9677914515651502	2.19285550544507	5.85179728351148	1.66301657701796
TCGA-EW-A3U0-01A	0.260480944987327	0.0537823893373772	4.09186613529394	3.30996660549057
TCGA-EW-A423-01A	6.266982149623179	0.18040191050731	5.62762861685977	1.84623035253005
TCGA-EW-A424-01A	4.14064301941734	3.930024419413	4.97648482346119	2.14550437901333
TCGA-EW-A6S9-01A	2.7327579256892096	2.0092111737426	9.31043650325887	2.60617198052553
TCGA-EW-A6SA-01A	6.7072225677914705	0.0559330873752083	5.0304987026950005	3.6768058852682595
TCGA-EW-A6SB-01A	0.38540265379209204	0.0829543370645115	4.09669038853129	2.79316782300404
TCGA-EW-A6SC-01A	5.81068010102121	2.3162003997673	4.81965853701292	3.0728172075463904
TCGA-EW-A6SD-01A	0.20250326658396603	0.0731081338703464	9.211639336255391	3.3340641936176096
TCGA-GI-A2C8-01A	4.79428743577206	0.23479799876430998	1.9656828984166699	0.9510742310607899
TCGA-GI-A2C9-01A	0.40080008920253	0.0944568647713636	4.14030867521913	2.0959543152757703
TCGA-GM-A2D9-01A	5.59718007358756	0.865199110341815	5.03894211411179	1.45117502595904
TCGA-GM-A2DA-01A	3.45665099632286	2.20311658248805	7.6419470669892	2.7471624581799103
TCGA-GM-A2DB-01A	0.355874477828067	0.0667454453192452	4.31903154737142	3.3462733484404503
TCGA-GM-A2DC-01A	4.81878916902135	1.2337442984353302	5.91188172144657	0.267126394327317
TCGA-GM-A2DD-01A	0.380475190719941	0.124931368944035	5.18807967271472	2.52961229679507
TCGA-GM-A2DF-01A	0.205585749245828	0.0507669399625812	3.78792965937402	3.9667695845107205
TCGA-GM-A2DH-01A	1.84417209784039	0.0760320192423758	4.74788405302283	5.180609531653349
TCGA-GM-A2DI-01A	4.4624360375922105	3.56062554921799	4.2625159071462795	2.68190667615126
TCGA-GM-A2DK-01A	5.76741395169449	1.59706818973377	5.531929431908161	1.56139173761929
TCGA-GM-A2DL-01A	4.51722228616205	4.37030118018778	4.16324754714229	3.07410454932223
TCGA-GM-A2DM-01A	5.29116952703601	4.807087119601361	4.46441362427571	1.3330743164285601
TCGA-GM-A2DN-01A	4.76191607374309	1.9795733887833997	4.92510056559531	2.66256698551863
TCGA-GM-A2DO-01A	3.58941611539734	2.72915886602592	4.43703845842505	2.9889198243327795
TCGA-GM-A3NW-01A	4.845400969186441	0.17460287718414802	5.81923409186021	1.65417784431126
TCGA-GM-A3NY-01A	5.4934279981183	0.519156614330607	4.82736932034092	1.4812380413678998
TCGA-GM-A3XG-01A	2.9425167531263	4.21535430022197	5.69530816499414	0.57449034442977
TCGA-GM-A3XL-01A	0.7060762691079581	0.0559956292818411	3.6364281776106697	3.57368939279079
TCGA-GM-A3XN-01A	2.974553550321	3.7829950375846	4.663906240469781	1.77031264194207
TCGA-GM-A4E0-01A	3.93968111858927	2.3373780291628	4.49390943707421	0.918466661437598
TCGA-GM-A5PV-01A	6.3083742988162195	3.0628229509399505	5.73710538962541	0.809944909229243
TCGA-GM-A5PX-01A	3.9970685617596002	2.43535890945635	5.413654581185111	0.309416840622711
TCGA-HN-A2NL-01A	0.32597224563894606	0.0236681166607404	1.9931701484276398	4.35900652435592
TCGA-HN-A2OB-01A	3.91070330524982	3.21848481490349	6.01916179084475	0.8644021150781591
TCGA-JL-A3YW-01A	0.457845150358883	0.134946154583934	5.09440827015359	2.10693207014375
TCGA-JL-A3YX-01A	4.15563139256418	4.68353866999727	5.1524079636652	2.7340810292061604
TCGA-LD-A66U-01A	3.52673095395604	3.31790584895694	5.47261483612785	0.919003140581808
TCGA-LD-A74U-01A	5.07296116414088	1.2875180065528502	4.55611346914668	2.09417512227016
TCGA-LD-A7W6-01A	5.0770532506679	2.8102824755767	5.27821341530143	2.52884230755254
TCGA-LD-A9QF-01A	0.646685344395908	0.25978605808887	9.67653386614471	2.75627381997453
TCGA-LL-A440-01A	4.40145573292617	2.64227339023055	4.75407697446961	1.56490352423275
TCGA-LL-A441-01A	1.28176730402129	0.723204561904777	3.9521474949436097	2.7134611755206097
TCGA-LL-A442-01A	6.988871720615231	4.68366946815538	5.5960843911125195	2.35730424498232
TCGA-LL-A50Y-01A	5.854794866931651	3.67903382795295	6.24175845199225	1.56154346049773
TCGA-LL-A5YL-01A	3.4585941064746404	0.6092742234509649	5.837684899537781	2.07933954951037
TCGA-LL-A5YM-01A	4.87183892053316	2.2109762029582503	6.57713328119106	2.61002288529223
TCGA-LL-A5YN-01A	3.60489760009004	1.18798160044018	6.05915023036871	2.2469868171022003
TCGA-LL-A5YO-01A	0.282459120291609	0.0933476901026467	4.7685567210710795	2.88499950566402
TCGA-LL-A5YP-01A	0.202605357487601	0.0699418435255507	3.96273555096335	3.30395614113477
TCGA-LL-A6FP-01A	5.79915156954365	0.0139844752866501	6.047407757177499	0.531339562641297
TCGA-LL-A6FQ-01A	5.709113998297481	0.928447517157547	6.56651591433604	1.90629081136258
TCGA-LL-A6FR-01A	0.522627666294711	0.0734769026823416	5.4626296771915595	3.31282674927149
TCGA-LL-A73Y-01A	0.250870567331627	0.208018641381702	4.1407759953498795	2.60954811208729
TCGA-LL-A73Z-01A	2.88891645772541	1.5210216140983501	4.71414612483312	1.9768372499227802
TCGA-LL-A740-01A	0.395376524298077	0.163908140481736	6.18032806054883	2.09721660261346
TCGA-LL-A7SZ-01A	3.4170807910784	1.66306622292706	4.04681145800338	3.1378319475853
TCGA-LL-A7T0-01A	5.24333932042075	0.12124362076440301	6.01170955440016	3.3874337491424398
TCGA-LL-A8F5-01A	1.1020536110988501	0.056386272395735	3.76570212284855	2.9296882317439104
TCGA-LL-A9Q3-01A	5.661341855164469	0.1332142167022	6.12842444614383	1.5630896610416
TCGA-LQ-A4E4-01A	6.5634624320984996	0.39599729528765204	5.0220354309392	2.81170041663637
TCGA-MS-A51U-01A	3.7357708757149704	3.02383696165246	5.62889566833472	1.70463006081249
TCGA-OK-A5Q2-01A	4.1629801899563	0.786261458887948	6.164581180880099	2.71407841984179
TCGA-OL-A5D6-01A	0.46536563036923295	0.288737604864842	6.32440843075015	1.78287864679122
TCGA-OL-A5D7-01A	0.5683578080839229	0.0504399304355774	3.48787349775536	4.1725200748671005
TCGA-OL-A5D8-01A	5.5997588071043	5.39282733015625	5.379712221798981	2.13791625265971
TCGA-OL-A5DA-01A	5.0164375826243095	2.36237182109602	5.60471435717233	1.6821356126115399
TCGA-OL-A5RU-01A	6.37109196409111	2.41566468228082	5.9634804375984904	0.996662719211918
TCGA-OL-A5RV-01A	4.549055559358849	4.623337883772179	5.97401397660974	1.52483520680792
TCGA-OL-A5RW-01A	0.142208676788324	0.0213062091254287	4.52411056085081	2.9971815924146497
TCGA-OL-A5RX-01A	4.23656764055642	4.16587541848635	5.77981549524029	0.797863663712845
TCGA-OL-A5RY-01A	0.9373984912737231	0.44045882275904996	9.25819279388427	2.49947225370763
TCGA-OL-A5RZ-01A	0.479450879807665	0.0256797596468745	10.1239920622524	3.01523422722273
TCGA-OL-A5S0-01A	0.128484721611827	0.0897161338962818	5.0620678823777405	2.81882499243706
TCGA-OL-A66H-01A	5.1099584276531	0.9977849501424441	4.9940059212040095	2.00260493562643
TCGA-OL-A66I-01A	0.42957881910147494	0.25426143618499303	4.27654311185363	3.10569066281416
TCGA-OL-A66J-01A	5.18436641626988	0.294057245890386	6.02921999322449	1.1116746783114
TCGA-OL-A66K-01A	5.0734026081307695	5.81840986527704	5.900339717477291	1.25588131672003
TCGA-OL-A66L-01A	3.7830255719981003	2.27582054573571	5.2845519826793	0.9599022478429221
TCGA-OL-A66N-01A	3.72202769855662	0.207911715035373	5.88326046031359	0.590144019137973
TCGA-OL-A66O-01A	3.7201849096695	2.2037706380316	5.058899557543571	2.59858294979675
TCGA-OL-A66P-01A	0.6348911947787839	0.147541010721274	6.3641542833323	2.1927741904207703
TCGA-OL-A6VO-01A	0.804456290455854	0.0161626414912547	4.55769396158157	3.67181772538222
TCGA-OL-A6VQ-01A	4.3000934139848	4.1618338339420005	5.48052434548095	1.8125096935980503
TCGA-OL-A6VR-01A	4.26669799813702	5.742019872989191	5.09521977320759	1.4256605704628602
TCGA-OL-A97C-01A	4.0846279091490905	3.2348758877407997	4.621923186320389	2.5575115326264903
TCGA-PE-A5DC-01A	4.44323239794275	2.32790189319739	5.22018334289386	3.33400973740579
TCGA-PE-A5DD-01A	5.86341690310676	2.70761613231211	4.352186252769	2.33121621008166
TCGA-PE-A5DE-01A	4.81310073933383	3.2299064616662205	4.30589773082319	2.1733115631725703
TCGA-PL-A8LV-01A	0.41700436778233296	0.146111209261432	4.12419652452071	3.61857457535042
TCGA-PL-A8LX-01A	6.916493015131411	3.30803553826177	5.84353714998168	1.05960124286081
TCGA-PL-A8LY-01A	3.08884852889377	2.2622066764138	5.31118647694884	1.9763403606810501
TCGA-PL-A8LZ-01A	0.251813556289386	0.17661532071507802	3.0745256038621496	3.46968853694529
TCGA-S3-A6ZF-01A	5.794620375822281	1.6801779027578798	5.039701146607559	3.24496684222287
TCGA-S3-A6ZG-01A	5.81161813671224	4.45609524012559	5.15129992052506	3.3001759035631095
TCGA-S3-A6ZH-01A	4.23426021543447	5.084020806124401	6.02484619911379	2.29544807921889
TCGA-S3-AA0Z-01A	3.96050477861462	0.0811877192933033	4.902141603446349	5.2822216539113205
TCGA-S3-AA10-01A	0.36987082957424	0.0815029800338528	4.40773350079059	5.44682606906744
TCGA-S3-AA11-01A	6.14714776604825	2.8322047404307003	5.1967468408405	2.23266015421867
TCGA-S3-AA12-01A	6.54817618233451	0.19006540152720197	6.27072203876647	2.6866559034365998
TCGA-S3-AA14-01A	2.7791637875677204	3.2394201923303503	8.32612786158441	2.81696932375073
TCGA-S3-AA15-01A	0.8206304142811659	0.254002393938151	3.15520701160739	3.3148018586715002
TCGA-S3-AA17-01A	6.11632759079201	0.266685234698953	5.0672491692107	2.66447540534319
TCGA-UL-AAZ6-01A	4.96371640343925	1.24470407098524	9.577516535378221	2.78135960014782
TCGA-UU-A93S-01A	0.458644083346529	0.19396251833732697	11.002721218490802	3.18700993727151
TCGA-V7-A7HQ-01A	4.8980301071906	4.93914298237662	5.4447150368405595	1.62953987909501
TCGA-W8-A86G-01A	5.32790553350003	3.18775792086104	5.42847921596521	0.7520472781854699
TCGA-WT-AB41-01A	5.06534172834513	0.7861189836327859	4.98630140154623	2.0609500685385798
TCGA-WT-AB44-01A	4.085503342269799	0.715961148945988	5.4552114312896105	0.34097594618789395
TCGA-XX-A899-01A	3.3202688503583504	5.073382105811491	5.2442002393822005	2.31105934218147
TCGA-XX-A89A-01A	3.22550265696019	2.6458636420384503	3.88384517695523	2.39779785908734
TCGA-Z7-A8R5-01A	3.5969010825680097	1.22422805022185	5.20464545464841	0.882057557165537
TCGA-Z7-A8R6-01A	4.66698505273912	3.10156864514771	4.71946874159961	3.7353756783449
